t,Dp1,Dp2,Dp3,Dp4,Dp5,Dp6,Dp7,Dp8,Dp9,Dp10,Dp11,Dp12,Dp13,Dp14,Dp15,Dp16,Dp17,Dp18,Dp19,Dp20,Dp21,Dp22,Dp23,Dp24,Dp25,Dp26,Dp27,Dp28,Dp29,Dp30,Dp31,Dp32,Dp33,Dp34,Dp35,Dp36,Dp37,Dp38,Dp39,Dp40,Dp41,Dp42,Dp43,Dp44,Dp45,Dp46,Dp47,Dp48,Dp49,Dp50,Dp51,Dp52,Dp53,Dp54,Dp55,Dp56,Dp57,Dp58,Dp59,Dp60,Dp61,Dp62,Dp63,Dp64,Dp65,Dp66,Dp67,Dp68,Dp69,Dp70,Dp71,Dp72,Dp73,Dp74,Dp75,Dp76,Dp77,Dp78,Dp79,Dp80,Dp81
,44.186418811576566,42.85673589466121,41.56941904938925,40.322973960203804,39.1159678401139,37.94702637704195,36.81483086043271,35.71811547600449,34.65566475741203,33.626311184409126,32.62893291785593,31.66245166261416,30.725830650017443,29.818072732199994,28.938218581116914,28.08534498559654,27.258563240236107,26.457017620385304,25.679883937863885,24.9263681724312,24.195705174368797,23.48715743385509,22.80001391310667,22.13358893753142,21.48722114239444,20.8602724717286,20.252127226441722,19.66219115877198,19.08989061043054,18.534671691944656,17.99599950087446,17.47335737672754,16.96624619053345,16.474183667170507,15.996703738656953,15.533355926731321,15.083704753149185,14.647329176223291,14.223822052222191,13.812789620326807,13.413851009925265,13.02663776909631,12.650793413202303,12.285972992575845,11.931842678343543,11.588079365486584,11.254370292288913,10.930412675373878,10.615913359574277,10.310588481924377,10.014163149102025,9.726371127685995,9.446954546629408,9.175663611382413,8.912256329128166,8.656498244625109,8.408162186175728,8.167028021267367,7.932882421454315,7.705518636073619,7.484736274407292,7.270341095923878,7.0621448082518,6.859964872552954,6.663624315982604,6.472951550938008,6.287780200810906,6.107948931974855,5.933301291750478,5.763685552104317,5.598954558848889,5.438965586122014,5.28358019593472,5.132664102586203,4.986087041754161,4.843722644077221,4.705448313055048,4.571145107099516,4.4406976255776955,4.313993898695389,4.1909252810764706
2019-11-24T00:30:00.0,1786.4143249107415,1789.3163318072288,1801.215965393004,1764.0073496558534,1741.3222083277806,1646.5512663604252,1573.3851132881903,1629.9565222503134,1565.2902274409792,1566.8507159377082,1517.3825908879273,1496.2770003553446,1402.9683532160827,1368.1189466560438,1372.1079081903754,1289.842763749898,1253.7130817905,1197.034302329873,1133.7722699216893,1106.7283458581226,1110.8339456114427,976.0532378081931,1027.2840452930204,928.8584173859227,912.3188745299091,800.1991796125217,839.6035150519956,833.9803224056974,814.7362075470137,742.9323590352099,655.0642828869891,684.6594408605839,618.6043285008463,615.1611664058571,557.8945880765947,548.2213282360597,544.3296672904077,516.7826271929989,543.6918161131752,407.83635175762913,447.65213271982566,438.56532929782844,400.50301148139795,370.15294675640195,404.0165996936423,407.50369587912706,367.1101460696125,359.08059462201254,363.80783552767963,338.9073592152756,300.0437068640454,288.75782370107083,270.5424993579361,380.92674541903637,284.86911761482713,287.32995885459275,223.43890871026895,259.2514464433991,239.6751334936594,243.46570910725623,219.70695500518946,208.8841288500409,190.80402351044245,191.14472225553334,224.1070636755816,144.3679918700524,198.04690426219008,149.312811342971,160.21360772688374,170.3047293878189,132.79626653479932,113.19604012483467,113.98537362271972,111.25060876777896,93.09427661493834,110.89540807241471,78.8181633376822,94.995538655371,54.6487935957942,71.54410857274513,54.45260380368169
2019-11-24T01:00:00.0,1634.7524153110373,1596.223095355321,1616.657201269538,1537.6008970978053,1481.758310483464,1474.4850298065064,1396.8467272637497,1283.49491698946,1275.8425449815218,1277.8452667755853,1243.0261404541075,1201.9138007406077,1149.282558511044,1104.941737688849,1114.0985071659293,1023.622496439564,988.7376619243435,935.013517533089,836.0698281599047,798.5078084553237,801.2806606395253,763.4387872025131,695.0335402421155,652.8131201358581,566.9139364484386,542.1137396910591,482.5136566174769,501.7410071418967,458.68912520193516,425.78102419285085,400.84360276685715,420.6442059667943,421.34423663307973,406.69572499252763,394.4042259963333,377.694709175569,420.70759020964437,349.4161496590433,332.41035566232944,362.65242075115384,395.94419104105384,347.88296532460265,423.0909373869038,316.22135076041826,332.4644045368458,322.51196842266774,345.17200812791566,332.343002289393,353.6392433123818,323.5480402874417,368.6479511741828,347.6649284525979,384.3713257748606,354.20050705623265,312.31630719106994,315.3490788060003,329.18341890237855,325.75499068310063,334.69029933770787,317.146369333171,315.3760332587128,279.3419439536677,221.61114151624966,229.73249650294147,274.19766734211464,222.04201394287333,211.12234008384158,178.3080050273176,186.6716035203409,150.9107749994094,126.44297894380345,85.63081016508544,111.17589015863999,131.23033225408702,78.12839762339199,73.98562434063673,81.29155454473612,97.2537174889112,28.26905691539947,26.4553740740287,59.025505297354584
2019-11-24T01:30:00.0,1581.601642294856,1555.3758649298434,1499.4025052592826,1437.059929492529,1436.7919126148076,1391.6596166827687,1351.831153041101,1305.3606996289664,1210.7453381450573,1187.9178355157394,1160.9136425995305,1053.310426657254,1099.9338144333278,1005.3966581311104,1008.7055254158317,889.2302278645872,876.2062259165384,764.8610745790829,800.4709751374382,784.9501655630952,664.9921145637381,679.014250660947,617.9566406069898,564.3879875522999,564.8462253239429,524.6489013799833,509.20480747022805,489.0454193453914,467.3265936689821,477.6545030925023,419.59741471854375,401.11605113578213,390.7836818659549,382.51027184921395,376.2911235182519,337.7891556406964,331.0654008226976,317.12923147275876,317.65088506482067,303.0567464564265,376.27314119745597,311.86182210565335,306.11397269282185,288.49561419295196,315.8778672713405,293.75297524773754,253.29891091592066,263.79008653305317,252.76280414060915,331.3580394427206,255.54484010120748,267.57226441646685,209.70961831274172,193.22235617571204,238.49224961209563,212.10972525822606,209.41649020863332,197.45193426844287,213.2034309694169,198.78049037210917,188.53185489915347,201.27433709790353,165.95339217470953,185.09890963798773,142.46366558803766,158.80416418505223,163.1968092973504,200.90478797288796,75.155364509364,95.16248609608348,84.62309681960855,74.63587542852278,127.92743330134203,66.22838515108916,87.20975002546518,77.54686975145262,375.42533153001773,190.19461874666035,183.81493319824165,164.15869839523612,164.42269393311517
2019-11-24T02:00:00.0,1560.2423015935333,1563.9172748331546,1451.338769036336,1457.614470163195,1442.977396075422,1407.871923893127,1363.2161904122233,1297.7891306773665,1235.9281406904984,1220.8144047695146,1183.5116422157869,1110.4799222793708,1072.8019358028,994.378292590988,976.149814333989,895.1942721641549,839.4412159970639,850.1480264456998,814.2026953850633,761.0243955690748,744.280915293841,712.827025351007,657.7458082174984,614.9717784197902,550.8169258676129,587.655594516656,515.6426044728978,533.0148743598139,480.16866814229746,452.9515833713829,408.2563569450991,422.95592169688115,379.50366118931765,382.10134365940144,380.42781810665446,338.6471390116005,392.12651345516355,349.6126639920077,359.4952399809279,295.1039408098159,312.1681801630756,284.53411535877353,277.45322867471896,266.3425332396102,287.42413267250413,233.5233040419825,262.01236156972635,261.3500127031601,226.5932656370972,255.22943686996146,252.63950422415934,248.89827449983082,191.09025531885274,205.73470448811827,240.63249399345474,283.1319113269559,237.69020138303068,242.79516407532105,214.23600051903426,209.32334285128528,273.817595957551,250.1303711079265,223.69391601007794,176.5400458891451,201.1237082361665,245.6248250876976,198.462879094563,216.50108352414716,214.76920243428452,222.81422788593818,190.69789393541106,236.91397300255832,163.2229586805393,275.40523273882906,239.6450431178605,256.3184572455571,215.15590598859,270.65223534873604,150.12382289127245,178.0357328124455,293.13711312131954
2019-11-24T02:30:00.0,1397.045628247446,1335.2025915937752,1289.0738534331654,1269.078602975851,1147.7127014100029,1089.9049898699695,1052.196258507335,981.1677383085034,969.5024556763469,903.3703193479547,843.0626778586644,818.1831633573981,756.4560838958578,687.4562618126902,685.5203054782083,685.149588333562,596.4524493138082,609.9610009483015,547.1223099295628,543.2853385745357,531.9400477074071,477.3095616613526,482.88168834177486,490.9391012718762,432.6931021957003,440.24135582295855,379.5189391060168,398.28890207458585,339.44870609207453,356.53354967147385,326.4927975158602,277.3832284359946,317.72987747700745,318.50821752710226,242.10358899995367,288.33300877702715,220.16681301860655,232.6267560591663,213.59101947701868,214.5352050823649,199.63464856637114,205.53487521764728,203.36494296242017,218.4933733026233,212.13698123250077,217.3261692584005,205.52187113479187,190.445893720921,177.45452684909014,219.19475343999233,202.60521935098967,226.7249657151453,225.29181085788207,183.8857211919369,174.0787788937621,181.92467892450304,170.83244489689048,163.56288107928367,162.79228264537846,148.63014022005606,166.5697520264264,141.0857476754477,146.1730693104348,96.95197215820208,115.07437728888227,172.9940639440141,143.52178091647986,128.5059399075098,128.03165693080962,94.50256348254433,63.48878510741791,65.73018631219615,90.92627392703167,87.57950463369878,127.83569558927016,93.54578071356352,111.60098428343386,111.62263450538083,165.16835605863452,100.19319289434085,106.56245798337551
2019-11-24T03:00:00.0,1123.008452744866,1046.31923609715,1011.5701880540717,900.9593608365797,814.6739724413555,815.4012603244757,755.1709319915344,768.4342697555433,720.4422259756027,687.6373238061853,595.8391211059384,542.4310824262234,492.60387950771616,538.7380269035804,465.59148348355984,477.6946575781781,437.50832374073286,397.36188234789506,387.99382467359766,342.5664964775633,294.26605424438037,331.9328564155835,290.2232704439979,268.7759337361254,231.07001118973142,237.70761496527052,211.44950014247732,205.31132731010965,217.33001500336152,193.9970787113637,218.38605150703398,186.92927431550552,168.09000432460084,148.1226997479769,156.7014863267788,151.2251236139116,121.35696311898585,152.18553276318917,149.92926256987226,161.641695948657,135.51934543320874,115.68348313279621,132.0218050196181,140.57053824704775,137.38198488306435,155.82122863552314,126.65756145948463,155.60975808891385,146.75422554260146,166.7932039170239,159.93734204971037,156.11230833239463,109.54985013262956,125.28377104317582,104.81178086107235,113.18608586460064,116.12464779062822,119.6427121245181,109.24382652320344,109.89838888574698,130.19749188722832,97.29387598542695,93.46894657717372,80.56055067554017,90.3589962308485,100.91377557105923,96.73003367893132,81.11686082560266,76.71768049056725,86.85442051449651,43.1790944016199,74.42101442511625,45.34732803041413,117.88299677265204,52.44936172484125,30.415477088482096,58.17893611199054,72.75055147373129,24.322592732881944,35.7469482295272,68.70552373828208
2019-11-24T03:30:00.0,1022.5658585967554,996.585801217677,843.1588410828174,768.1385139180038,715.6765201963761,690.7098688228403,646.2261661758633,601.6104437744531,577.3326795286025,503.63309998353566,482.8807843057036,433.86109874804583,422.2622162992679,405.2997280290521,362.05623320652063,357.28206245937247,314.8042885016805,281.5145220701824,283.679054997336,261.32835630463256,252.7670368873511,243.93396472794575,223.4556819487815,190.67874808679016,212.00119479342197,210.0048679697172,224.22806841973863,198.09977981832864,227.50147457074036,244.4972860176121,199.34055077977393,183.63167471220532,219.71860826681157,219.26035511224543,192.2851952154049,207.8970393714864,193.63740616965393,189.55482086947677,195.7604757827994,193.22741939761642,169.0424566016766,201.30098845266207,179.79320663567336,166.3568677692238,182.95512740955286,124.91027725486322,124.089988885817,106.19274764338732,124.53206448720603,138.00348003427644,139.5862966044229,141.43910714555986,94.81098126715115,97.14059735162446,125.18722651177333,95.95964520475134,107.8796978976973,100.8332259851213,139.5724639181863,64.3165415682151,71.17015927957118,74.47909733483469,107.50985404300214,81.27837922072206,70.73561344224716,59.670369066747014,68.6546632691947,53.44208282810521,50.80110628957428,76.11308225174938,59.924024082601086,61.42762198050997,37.8201837304598,46.99653036024332,40.39938852592185,23.241783433374295,22.970122611568627,45.79302409375546,28.450908446665085,33.19923245989248,39.00620785556852
2019-11-24T04:00:00.0,1020.9234379243558,919.0750974721878,861.0468531693583,817.3348225152631,759.0051096628882,703.106303574413,601.6865400863069,520.6585053429405,481.61118920230285,429.50944090147254,456.1695485050749,425.88109388200024,426.6558412166713,341.1911969403385,319.77488899553464,290.6031614607552,260.4388349024973,245.13141897791354,223.30124282591225,237.3901145468937,177.10925323234122,210.54846552444621,166.7462558041462,153.70073347757048,147.88687170276026,150.4321617439651,126.89485934251658,108.63573323223785,119.9538763809908,113.97539609320597,75.76511237799178,84.80519819822877,66.92484120840822,70.54012604403694,93.34710963172928,68.54914069045026,63.615425044324795,60.98089055798935,59.2752912444189,52.257418321980325,57.536237159719136,60.53804140183031,67.75018251058543,69.45277780176544,38.04242544776399,35.30056986338841,38.766854209712434,59.611319277725784,56.522754518772715,56.76037535325004,47.81703444621452,66.55410819584776,41.494938371881624,55.80003070178236,39.30142892035643,48.094143089618086,60.934196706507905,38.625686719916786,47.363656688442354,40.77301444361407,35.05637908587279,28.17714311969045,38.67009547897671,40.463199129093624,31.6309394034697,36.03844632473116,18.091886786281357,19.514585343244768,36.11906707413122,33.485023305998354,21.689771821517887,17.622204303619263,0.021565537069130686,13.638145378980996,19.75410112588537,15.459241746434936,15.962438021184468,27.818461465054682,0.06163925243345451,41.44181208099123,12.871874874572928
2019-11-24T04:30:00.0,1003.3039151108223,890.1958570638853,842.222252520921,786.1709425508219,660.716498243915,698.1491398941405,614.5062814588085,561.301930254483,516.0528847753191,459.174961423464,467.5907530212295,411.2898880981485,426.23760518504116,391.46629562252093,330.41744934687233,340.5623136323109,310.3369888349356,282.972674905515,246.1557459232055,242.32509641986746,251.67525731262228,190.4922195646407,193.1090043679604,193.66086724493044,186.64491501037156,154.2385464130695,141.035274501742,156.46539798625315,156.06312471063345,127.74662063359432,123.33698561520438,129.5734440145744,105.75320812654178,112.10564813626289,118.56558946939,97.51283259415641,104.60287087752306,115.50049103590541,94.04260772982917,103.83909800090548,67.2000434209748,94.19593373813106,123.41810819167735,81.8015242082418,94.94988621584814,141.1152107936718,147.24810377300253,115.32254812838993,117.99494731888154,117.90473928946379,68.37992539255258,120.84815726962893,127.99328030875606,114.69574410123903,116.08940574373597,114.91180849329766,105.94033862069787,107.28075677246044,142.57894123031596,101.8172649402439,111.77425661661022,131.16932950123012,117.52593682666351,127.39647199727433,125.86970872655218,76.36835312883242,80.44937544503733,73.79012640956293,82.9046891651287,49.63899768548696,46.27120011252622,52.63053152454387,63.548201633823076,33.98944663218017,45.32316460895164,32.88579200081175,48.94255765225718,20.34625720687431,45.21815253848136,47.335042602104174,38.22958335971986
2019-11-24T05:00:00.0,892.9928448356357,811.6416098879505,764.5164293328125,665.8659013607257,618.4223437896721,600.3125158143553,521.1300861994675,495.656794861682,467.10355721579003,432.95092721055084,443.4374986616579,378.91936055073427,356.8718485627597,313.24621541740817,276.23197238599863,263.6738678989535,244.38998172072377,233.18406600376616,195.272576580363,210.3675947474957,193.4518322370319,171.39850060948166,189.7048356339914,182.8917204480719,174.68443530307746,152.78950941664522,162.47044428437732,155.4767371402986,121.74134907541585,135.7512830898263,123.51068057993315,98.9431021330494,134.19050633047246,101.3680076919621,107.16435018116243,120.99049199276155,113.25764215869197,97.45539233639605,108.77117727190836,65.87136106658022,92.47066785407931,102.76000409361355,103.78152990141066,109.5417486821579,103.8261742485429,106.58370914448899,81.39597289099152,78.59807534653996,114.49698410545108,105.78760197263883,134.1004606060388,93.99266551731229,87.04387690220706,84.30324853394859,121.78974867980409,142.82629651495157,85.2108853657133,104.5078252160721,87.79038980259082,145.8390572559987,123.46547259848705,87.88800269100416,77.19758827368918,66.81005011296571,80.31675144061364,87.3429283935629,108.94715020954516,42.36325133139047,91.2691558039701,40.86887528661953,47.39441340681996,53.52588043896718,39.42815818225206,49.317245009185,54.08726224109262,35.588399391096026,52.784319514564835,39.18693264237453,54.68861171413722,93.43875752974199,44.73625450452685
2019-11-24T05:30:00.0,785.5791822952049,716.6311823760449,681.4498495173553,629.5708124916322,565.5606579509086,511.6099834459635,531.8084849450267,468.649391693682,467.3229753209604,414.1854741238867,374.15650440141013,371.6153913297662,368.5323212456546,350.8802976777174,358.4590876008672,316.913082047499,279.1657234202133,302.96642743194315,277.85968441465053,246.84984976439256,229.24149967684866,240.86362023264348,228.36328773084188,197.58966837566211,209.23211974091234,172.88842906951302,169.47548471562013,167.92939060924033,158.8515804260453,153.363797559244,135.7125602299274,164.13786507621273,152.25274189864254,124.66218655597277,123.48987950401093,147.85449501949014,142.971824358255,133.0755309213161,122.67827124508348,115.85046103421217,139.1541199731446,120.61575191237941,124.2486189757095,147.31380412237945,163.1515392241685,152.80392228870596,103.61922058598557,147.45714436847462,89.37616137740487,173.55802118879697,129.6628722806711,133.18565769888036,161.61013289279663,106.58719511819358,113.04638807741371,143.0068958314824,129.68247946401289,126.72219549594587,135.4459127588594,114.67339210564477,140.0130802645152,104.03650882440323,85.83081425442975,92.16535706041002,95.52144013884815,74.81785039612632,117.8459541561873,85.91232259627077,95.31204567711377,80.69736285819461,75.26405179897989,61.275979883626135,63.014641733355774,38.229483441106936,82.02252376952205,33.17446753070063,29.42668953242915,46.233642032378825,39.70721392371437,26.49081659095299,21.075119670213866
2019-11-24T06:00:00.0,704.8053405113651,667.3759971241768,631.7089484727228,622.9748728225027,568.5734929677208,578.0664368412365,555.3786668525031,519.973148097337,530.2763179779324,523.6926976157353,477.0371168733478,501.2984025642893,491.1369440541275,450.35808330302143,472.9211563043938,436.4490957876452,429.1643480068267,378.6288135422999,363.4492259510595,348.7294988935754,357.53179321034656,337.69072896142484,322.20779757384435,267.6339739187342,289.1596853516161,273.210283377121,255.22823258511474,229.9039161297934,214.33004194733851,187.16162161371304,204.72889374941104,226.98525613720156,202.61512941138915,180.06160851851297,196.42449563661503,148.66294885491186,153.25359448738953,174.8223157750973,154.1597192904601,143.7684375961889,175.69031493417782,138.60937784931784,160.7258825693604,161.4559201904136,165.8303829103789,164.58329676586456,151.13192176758704,129.15088174744744,163.69422096911208,166.4538722541963,141.8139137036906,204.7088236116474,136.11103964357537,176.1728105926643,158.02535994651635,163.23757802372933,200.7909905476027,149.8792131489902,112.90637269222702,150.3955877593506,160.25589410531728,135.82876618024991,126.94617951383347,121.46825299037326,99.62984852580368,100.98266089932588,97.15097194413791,61.61081140593181,88.16009319919631,86.89172909502392,89.97313801735983,106.54446656625825,92.44004306131684,51.23107193902449,43.27654129740897,15.333999281510405,41.365148836927325,67.02957086777428,12.302828474643933,42.994232160216555,20.191467785760384
2019-11-24T06:30:00.0,735.8677215182224,741.9161382060557,745.8314401630698,708.1211670420877,629.3848372741738,642.3572887583973,625.0460957889998,611.6647528670283,624.7939521034862,604.8850514120008,563.1301872449505,565.1264118515293,555.049986276994,514.1554362524,524.6982404007139,521.5389868351142,468.2624884437173,472.08975323941405,469.2740947681806,445.40440092621344,428.38612104097393,435.925711560984,405.9250032602272,413.8838751012174,387.6575115640904,397.56859097838355,354.81567938213755,363.13615183678485,375.5494102794737,333.9797129869589,309.3259147183729,341.7367470596088,298.67180440245147,321.2101836847082,331.81843396009015,355.17237551450023,294.6957632872989,317.2308825404871,298.4506112969061,293.84217054548503,286.31282869749816,280.8017614015735,274.379094030849,290.8836487192746,305.6734439954313,306.57981258708605,272.5270382814986,329.6958432340126,256.678205600507,254.43025532281195,226.91712250011818,244.88981544564868,250.05889427191238,245.23691180143797,251.24249585751528,190.68931566863017,203.10135786694002,205.55942848850307,217.5628015392823,194.25851236311158,160.8916061693081,180.01790964059848,173.07886289801615,160.94991024623715,160.53949785334098,148.14388647283494,149.3930171987678,146.25312905484975,136.62372428994968,131.52067007572205,110.24621486569853,124.32058423516688,92.54739840874015,103.93813339145052,87.64178950561912,35.719516545849146,46.937362428344336,72.42288335315467,36.7391674828903,50.207900801253295,27.588254652930516
2019-11-24T07:00:00.0,713.4168633879938,680.8222995186477,677.7519952874434,693.0130748466396,679.9228881178798,698.0123004437414,697.8822565343089,675.9729122976063,703.1921139116031,623.6883608210564,676.3787441228129,665.1445254511588,673.6787235702678,677.0797834651493,628.8021159522941,709.6447902531514,681.428485240467,636.6337045410181,717.4364476136602,682.7938374181649,663.9140043056672,663.0563316810019,716.307724659864,682.9445942522044,633.8942257628272,639.1739164219579,660.3396652967142,621.5813955159637,622.6277169083107,603.3106268993292,625.3554481088526,591.1072678473378,546.1410938663386,555.5042507866166,544.406677439832,561.7589636368139,556.4672909293965,573.2471609253489,516.2499073310886,573.1963579597322,514.1130435514275,489.8470275110554,462.93657722547414,431.0551847129372,427.3837116049397,412.6071681110895,437.21726600522885,437.2315066753372,368.4886317104216,304.9408453540315,319.32614012617233,269.2289782090059,366.00248463868957,316.2699797968667,244.59121122177655,291.8185239830249,269.628095866978,259.0434937919016,284.9124143240052,191.8019297301927,195.92885113871102,207.26056248321214,195.91265416991908,165.68582414752694,195.0318146420883,160.04503867053526,255.37924836246214,171.94202368538538,134.81761095259915,122.25236502017333,137.4907930409685,135.16250727035987,131.41869306297875,138.4240913338643,112.97592946119363,145.60544421945153,101.99136805511687,121.94856008503578,83.64527139637151,130.7305983881897,69.27039373682877
2019-11-24T07:30:00.0,823.3522733865503,783.5814405353353,782.864217245494,823.1402608759863,871.8127205842513,872.7910698137167,832.5960744720369,843.2138426320334,898.3813099657903,946.139525047484,900.1054920160179,902.9621155222944,901.7929526771479,889.7376110742316,947.5372846999937,986.5668965872065,983.8225014401344,999.6387104249188,989.5637814517847,940.0277065094612,975.5905116873967,978.1138425599412,975.514246801749,959.7811394614739,914.273450873379,915.663746758057,917.8008137737927,930.1514706381691,897.2346215028598,860.8768631567723,818.5832962359027,831.1409377668216,824.2290100986286,792.4198720701302,786.0804399462522,754.0741454110644,676.4136955572258,629.233613933196,702.0556004031142,692.9406406219719,589.3587318896125,568.7054976908348,598.7873596572531,512.3967970075803,528.8069890371876,467.30299010754936,437.5892328713622,420.5022641745437,388.84990070056057,372.27928771101915,380.5420600569305,341.60844735126693,323.90784227331613,296.0679376825892,275.9748040225657,283.1502709470632,277.7039411391703,228.7037232113749,245.22840653563344,245.71467866172534,293.12918862463204,263.15751031735834,182.10309508450294,192.28358715938467,179.96723740144768,201.8649059072726,187.29848560916162,170.99563674414298,196.94920704821084,177.97751068734584,146.03875026060078,152.9172831006995,132.08529254924784,110.61390099831233,107.69657327866067,132.1825447013984,124.73608203791134,105.41482776716688,97.69642032766662,71.06389142964565,65.55585913953254
2019-11-24T08:00:00.0,858.6072152103194,851.8422577572206,873.6674575217952,899.7256826650746,939.8394632869035,953.9182899659513,969.4991594039545,942.8631930691029,1006.684032455462,957.5158263756244,1029.7309235787466,930.1838269234364,1016.5480491958833,984.7041951873322,1017.8496875385913,1023.2696894747969,1007.7412954046531,1098.6560998865348,1035.0381034801624,1107.7787147048937,1154.579822230333,1139.239786987388,1076.3069402046103,1129.0633847450188,1122.716849046958,1143.5635251141705,1133.3947255223056,1151.0515103934008,1207.5389384557002,1157.1406960085274,1261.1760785474712,1168.8226345646763,1144.8178228005838,1102.6943444572146,1160.8587669312412,1129.1158801772453,1085.1324062806823,1024.4939364017666,1036.0271707049953,1070.3047825201054,1022.8742923615188,916.8240947032899,905.864388413971,850.1052493088672,781.5780953023425,730.0113495159818,755.2725904205262,700.3256058631017,688.8967809002374,665.607910413936,612.5453611668028,595.969372404205,521.241902402189,499.52976464540245,484.30311210608164,404.431066819887,374.92221767851817,358.34159671975067,381.6524460896283,354.2940161145135,374.96303160141343,322.6793979804853,272.5076091090209,300.616494702876,278.50964130728823,294.19961486864696,243.12484794717034,272.5669140830365,280.12683943396496,299.00683731277496,241.40946286736136,199.4217298871552,211.53772988801072,188.13230970546581,195.67410098470197,176.78790281381288,154.7795439622866,191.03582655021023,134.65666593523522,122.07906280231218,98.81762975755552
2019-11-24T08:30:00.0,807.3365143952898,779.2428508130989,793.7597267464514,833.5873773639743,855.5500937387189,838.0411314366079,872.8889849087523,953.1106397396571,979.6917599962682,998.320221870019,1046.9694217799674,1066.2103865955878,1086.9065488990175,1125.776086558065,1151.5524966430812,1239.784124142065,1230.0192247227296,1297.2573184069565,1321.5743251229624,1382.3674376375238,1390.1424266976474,1434.4307445902791,1408.5744735759592,1418.0069159256677,1437.799984191703,1490.5480321189527,1501.1009284473398,1560.11182041074,1541.8511235492847,1588.2277488204004,1623.6888989301842,1515.8158598276132,1505.7388547766006,1600.5691231679234,1538.6200219561445,1544.5194199230118,1481.0138947015669,1372.1808882880282,1370.346437505595,1381.7874165382684,1413.2774512596393,1297.856986669139,1119.9973206651143,1072.4353607397663,1071.7387185283515,1021.9962953418872,860.573904685502,924.6638604590927,879.4583145559765,795.9475323650719,771.6524046340884,745.2789861090747,597.007824728513,641.357825503814,598.1569877501813,576.7870247231272,500.6928988892438,469.57436895217916,470.6217555913993,442.0942704513792,441.5010339748319,411.2331074906066,392.63592082448423,315.42827642076963,337.1009623797988,318.9448737000213,248.47470022959806,346.79478885461185,319.67772647109854,277.16253682180445,210.06508753273187,280.32644392160563,223.77114195025231,195.9670848725938,179.4443535146385,132.0976962470454,160.55625222539976,120.57673327852144,115.67102848014841,106.40604597606234,87.16147968522661
2019-11-24T09:00:00.0,759.1232548802273,811.6775979083525,883.6906569346444,906.1662675905859,980.9610373072506,1040.575515851359,1146.0797544529682,1154.8548301141736,1202.4995170115526,1219.99090860233,1341.0254897122861,1375.0166745208453,1391.3564837498052,1475.3295083166909,1480.7191281452306,1595.148000792487,1632.3462221134223,1630.7667485779984,1685.3809260983799,1677.2860789627841,1731.762494204045,1767.0259517175377,1809.9465054705145,1858.2613789050567,1881.2394678013036,1955.419272952656,1883.36479503767,1923.9610337314382,2016.0088161190529,1990.735170100067,1956.0269867503166,2047.3469871418024,1836.957464412254,2006.96821130335,1957.4723357357745,1966.4864008477057,1812.7789871432901,1802.440069734264,1667.7273862783095,1600.1990912335064,1630.259634375545,1496.4221813694276,1419.795983679268,1400.6873703548836,1295.4567397816836,1238.3816834636548,1149.535501743349,1091.7822834082738,1032.3439258091084,1010.2766102605149,990.2882066001509,943.5774595185214,980.2639966286772,780.0437180357196,837.7319323424804,816.5628451754333,716.1508974100805,644.3996950903198,631.1342278365278,494.72369741895557,570.7704775934001,529.6635605350034,533.1740083478924,463.29663808221505,455.0873929814246,410.08560834105356,455.86403787551103,411.1811090364869,320.09239210497014,363.4508264326346,316.32013210224767,383.2945386483377,347.34855217377736,228.87716251458372,311.0834566049552,238.35336654371432,253.9994083074114,227.0592860635967,164.67895005694604,227.52727268788658,185.2963033930975
2019-11-24T09:30:00.0,1005.0302859436885,1085.3603643276256,1177.8364220039505,1274.6167553724283,1376.9187043980342,1528.3911197818918,1637.0968541872855,1774.2047500578851,1830.9495296271552,1890.0346290081948,2037.5159505628296,2046.225541587074,2253.756133450914,2178.405827378306,2302.716738812657,2258.39507687223,2366.748792132135,2320.4774009372036,2305.632290774789,2495.3812984065744,2495.2411323294186,2527.784891544259,2530.1671269139206,2512.7088773496475,2551.4703570926936,2570.3041686233128,2574.8739035815333,2551.1453261024967,2376.0873111009832,2473.1441893570163,2496.712195046015,2493.293144794346,2283.9650861087734,2197.7700920863067,2151.8724399028342,2034.2732054642677,2075.9013897900113,1985.6664706923,1828.9769472718872,1664.8909929004856,1684.3377863941155,1645.446880547162,1612.6939090530186,1635.7474633044608,1544.8004958549209,1608.3529753674604,1510.6630197119073,1368.8005650033915,1407.8256770218466,1347.6677070886894,1330.9306156445766,1302.2140854436177,1272.9693489744031,1304.839978585875,1154.5633839757847,1063.4402116901563,1036.2210297239021,1088.1657364310158,1097.4366614610917,1019.23967062729,1017.7948583403577,1008.0124269955618,905.8865284770325,861.6223883405853,1056.179865497779,993.9788313828749,878.9902227250191,938.471389885763,854.4875753014579,875.2030075710372,852.020565744557,934.6279233773192,751.1757595154065,776.8061250984535,601.3460091816911,550.2609656824143,582.1891538377273,539.9247287347528,459.8600576442846,573.2262408352914,428.96237992861296
2019-11-24T10:00:00.0,1389.6767953814717,1484.4271526512307,1648.3596862364643,1768.7722151695143,1915.1660764570254,2102.273798351223,2172.7432447650285,2277.909831697423,2384.083612435743,2523.629598566137,2681.139157806163,2748.9301244328367,2763.837447276738,2854.305468548024,2927.7173383409136,2900.839036303463,3007.5221555328635,3049.3879075183113,3047.5759383918576,3094.7647381157676,3211.4220313634514,3136.233108695358,3088.0749388009135,3033.732027444754,3087.827059419681,3062.791109168975,2996.6083389131786,2914.4975519369573,2781.4009298960664,2833.910987014887,2665.489211318276,2538.9954085069094,2563.2450603890957,2447.216603139064,2382.7133847696873,2283.740508042406,2179.3849949268356,2255.39031998068,2235.336085196697,2125.760444573746,2082.8439818624647,2044.747950502046,2085.584022013114,2012.2913940725205,2114.3970118110287,2023.4548421521658,1974.4430983323775,2109.9208216552865,2212.4601919367524,2111.205357225531,2135.179030397334,2141.2306522559716,2298.8710906347305,2450.693465247387,2636.886257153155,2637.7073961274236,2845.6587125225205,2971.345758017561,3142.563999139282,3242.493099867069,3350.152989365436,3332.4325833388016,3327.245724628433,3230.0770226812483,3237.542487086527,3148.7355394110077,3444.296483300137,2932.100463603982,2998.263569457268,2978.637145754805,2602.876769605122,2695.09299850887,2389.898209890709,2041.3653143585382,2012.739304915862,1558.2806492958307,1590.4255683593778,1412.1187262081185,1295.303960906105,1274.7391916876109,793.360943453759
2019-11-24T10:30:00.0,1048.7001394742226,1223.9272390500385,1305.362467776505,1369.4281427413866,1463.201798094739,1597.0916763745695,1667.9338964124636,1736.4012467443474,1836.363203585612,1941.834134673666,2052.543270801044,2071.7201085721767,2166.456103292551,2273.9417791552028,2377.2862146551024,2517.1251920753652,2540.588026912381,2671.37195754895,2846.2084549137894,2814.465715588712,2848.1113848971945,2918.9413447278544,3004.3795600070393,3110.8783778958114,3171.115505996009,3067.2212893041205,3115.0405528885058,3209.4209127714275,3340.9179201162856,3467.2733599165367,3568.8396973324357,3609.553992399089,4095.3561218614554,3841.946895774475,4142.444864173273,4509.626374616543,4618.738635059605,4642.842123636843,4844.2310546505105,5141.554557133096,5020.667824793512,5332.841453755123,5569.863131094758,5867.291623282447,5779.6586624102765,5859.949283377794,5845.358449093273,6055.836809459764,5905.209474678572,6077.401380451565,6059.125231141809,6019.570579253821,5616.74558290761,5638.641250449922,5496.073964740798,5173.1719812769825,5086.005327265117,4816.255721092013,4618.3447361471535,4372.891000549559,4173.389422431385,3768.5521141590466,3275.014228946365,3129.0961945660924,2792.2653233833425,2643.4539315919214,2390.7239855922403,2051.8373945318854,1838.7278078059994,1806.2530813118085,1440.3111098215516,1363.5891937199317,1100.5261446421375,904.9143374748678,969.2397957524151,716.1927288115834,683.7557581240517,667.4877344064329,573.0074794085629,538.6497224252219,344.11542970798286
2019-11-24T11:00:00.0,690.8628271506411,708.21002506491,753.8821380407746,811.2702541494947,842.4213614944216,837.717277819221,901.4214386627991,1099.867128989023,1163.8844968164478,1276.876827930819,1335.7503355443805,1461.0494207841066,1705.6082883147176,1908.5113728081242,2150.05716667762,2478.90866371007,2830.073765607615,3214.4754205779905,3856.7382461120724,4245.3138459288975,4890.235326634535,5424.524919438076,6026.343673588953,6497.580451846028,7045.941817409996,7487.464073471701,7807.462142912759,8300.790960207316,8525.795337772888,8962.114079021263,9181.14931126086,9162.849198232707,9435.387663030175,9344.67081445656,9362.118785587918,9322.566118721606,9386.047531221955,9194.215830754923,9210.004740813774,8644.760479824528,8487.791458450225,8212.324557472468,7892.0264103932495,7484.761314212841,7188.940262896741,6575.038819360492,6428.50384965287,5996.896468415473,5564.860169243036,5287.409183493677,4859.777310409964,4465.255767951216,4329.29133361431,4036.889827387177,3876.6495667745266,3429.571397024284,3053.851903302599,2900.110187753812,2655.1860481624267,2442.527623907836,2321.9288680927175,2002.3866373648607,1909.4020862220664,1632.8265747584474,1460.6862631884362,1552.2223234993016,1224.6376148084619,1260.6610987153767,971.8119844981784,935.2147507478859,767.2014028102521,762.959930063496,667.1509876015184,598.4744282281316,590.0865504064839,421.56021662255023,420.9791151849979,440.6060761927291,343.93993232889204,301.79405890441825,241.67909215170766
2019-11-24T11:30:00.0,645.5972018323528,681.7347221277632,785.4753047656077,837.4148606972709,907.4782867297431,973.1272436563537,1210.362124496777,1450.2198265505797,1772.200517482091,2281.7303086975867,3125.870924000542,3839.0662747452466,4753.721580908146,5689.718364859932,6829.508909803485,7860.897276790609,8918.116211368828,9606.800559714127,9977.812146129301,10303.257044604745,10353.185676434263,10738.341918091577,10423.58455497495,10343.389699161871,10152.040259420533,10284.262472478751,10102.413230497594,9989.892566243758,10401.192129560259,9831.716280400255,9771.552633793352,10036.871010527842,9658.617136158682,9429.2016790083,9168.809182255955,8722.87835820188,8675.004362207908,7872.996268395495,8015.0612332210985,7556.437187540175,7192.5998611825635,6833.278560000461,6504.460370386453,6095.489670080545,5816.804298007869,5588.128405256577,5404.04578854628,5012.546213242732,4714.4254193031975,4784.032961333586,4386.690106947703,4079.0719746100513,3621.966219036468,3320.100237564003,3068.3832222833794,3003.6634093115867,2726.2218640683814,2739.134998578701,2331.4483752378874,2278.8972384273593,2173.32099755487,1841.6089587802544,1833.4097240260376,1548.5216957064035,1420.276288281605,1403.4110481386701,1225.3775213377955,1193.675745550227,978.2522838303346,1007.236031449308,813.9365343917216,751.568609973257,763.5157026258336,591.242374228749,465.93502884722767,448.31933378640827,456.69924778048227,397.36981797335727,308.66472596690534,375.4319674579802,207.4069360757398
2019-11-24T12:00:00.0,1258.390823552488,1493.703283672895,1721.0462984112637,2134.3192242406076,2759.985899213534,3506.963687254789,4546.9565999576935,5778.807324823403,6990.809471843035,8776.696044938377,10375.431762490218,12245.41962045765,13364.898929411034,14903.514929607994,16009.253553962582,16686.969750426048,17016.946929473717,17340.485859133383,17223.41366877362,16713.94616575751,16155.820703599806,15742.46300778231,14719.300903824409,14462.827312617417,14235.637663980271,13468.398711478556,13157.828002971508,12654.885531954225,12031.288329923404,11569.342677506032,11265.209947600113,10754.703933983328,10361.165692294186,9809.986932464715,9541.99924069075,9214.816030421744,8934.808302131938,8371.630001041467,7874.25957535622,7622.395290909468,6921.0151315366475,6379.993219621419,6016.066002836489,5842.095993636165,5364.621237914855,4860.471900090636,4660.077037030936,4259.573769578093,3943.726060370338,3679.935820890103,3504.169259509503,3143.684701280015,2974.3955354195714,2742.8864717938263,2525.9742596942147,2298.6134283791566,2125.99122779383,1910.3717981149016,1785.895593925899,1709.928724983955,1356.548980853294,1463.3607611388131,1237.5501947485036,1019.2077328802065,1031.0939755866452,971.4594408861293,825.1464482616482,700.6170977748304,693.0727331678225,564.8040681542305,459.36777709237435,410.7950472410196,444.4637196738505,344.13184654365153,292.56486171890845,303.7997604572568,241.30090167000927,270.4179275024448,161.47293313378032,188.59390917185718,163.50459237449647
2019-11-24T12:30:00.0,1913.3201080963054,2412.821516639813,3079.756011208647,4064.561456646491,5239.02227714783,6410.926550595833,7885.667343027356,9089.073816882017,10403.873523013075,11653.73815559057,12434.410592199736,13414.17398624062,14243.28185231529,14350.68100193456,14669.081858719652,14513.381834563323,14540.415006559972,14390.817706988682,14190.735422084126,13606.84916288347,13378.492925532959,13165.006780195832,12652.772339608886,12150.146604367106,11944.843024287762,11399.253541629885,11122.44941043762,10644.081589427762,10410.735420768377,10505.344043395624,9854.662523537847,9870.309792355634,9556.872487906065,8866.921676700771,8971.9542451557,8658.162777616242,8270.627018521373,7982.786571280312,7484.300724696718,7269.2603401024135,6916.195319365966,6301.77913317055,6347.530520929273,5713.355502407379,5875.123316528969,5262.739555076649,4968.499861242413,4709.259281288327,4482.56418486311,4111.633218022219,3827.5200578366075,3679.16278892154,3671.558676918761,3341.726390597777,3033.473170985075,2742.936514844834,2617.8911331778536,2426.627028406994,2225.569175801042,2009.4272746053011,1828.2528137887084,1666.433412448917,1431.855623664341,1341.1719606297072,1221.2699858722258,1150.4790779249654,809.3598479749269,907.0986337411706,771.1613236123645,607.3355939026975,613.9590850655172,486.1957051783638,453.6906550812565,378.6805800280393,427.4440409872896,321.03364974043416,308.95901094339445,258.75802055606823,288.9850016017821,181.87382352899255,187.13142391820304
2019-11-24T13:00:00.0,4422.127701940751,5744.267490105901,7443.499755235825,8873.508468167334,10612.44103513446,12356.511438251937,13744.7151594468,15548.552705415044,16517.269461651318,17273.630641900752,17931.507872508926,18057.180766209138,18225.22114932893,18352.551016938964,17753.881287979526,17570.53484974301,16938.571021258944,16336.310826321387,16054.295826086985,15555.945931348317,14632.113007632492,14057.037303474728,13266.466603782714,12740.65861103339,11936.481814531278,11291.362740537,10723.159737526485,10093.752763533494,9639.493015391821,9124.14747627826,8559.489911376111,8534.191030302994,7866.110632067836,7395.134002495188,7050.3308675646485,6725.491585607383,6450.836129636182,6099.915398996728,5573.2006702712715,5504.9923695137,5297.659875691732,4961.567230104525,4736.151212899599,4329.327763308699,4102.938806222694,4015.045294068428,3602.8936882888624,3411.054310543774,3254.8838292496303,3140.8840637002622,2934.0439655030805,2943.582554551565,2550.2662051288535,2249.1587580435116,2070.1877629701125,1867.8558197155974,1785.1235246450012,1733.1017420108417,1516.200167023732,1471.7877900776828,1302.913485394493,1150.2455630138259,1073.2236057620883,1002.6612469781512,873.0067133881412,701.0933163263738,704.0705464399887,616.1301557362812,557.7169927161111,469.6328321729342,446.71680370115723,417.0158623433219,405.88661463672616,305.94496775325996,353.26923290477936,253.75646677055917,264.0075888849563,225.23012178226577,153.32721433224407,171.9011437521674,122.93714599713444
2019-11-24T13:30:00.0,6489.33362282462,8225.178252612526,10241.294013178163,12114.36489864829,13808.045160989266,15493.416785228177,16827.102117410694,18143.92092721705,19040.53943587774,19840.862223589702,19954.28908662319,19917.99572100825,19946.384127776335,19473.539470917898,18919.381449730754,18293.661841382207,17804.746969552514,16984.84768298324,15961.019639108563,15024.497425880298,14386.033039104666,13107.143126688654,12512.990079431993,12026.766067588856,10870.865832169022,10234.381322187954,9415.823214220498,8795.930771459818,8373.51219471853,7663.559277927642,7104.822364728518,6549.362711225718,5908.633132559787,5236.9072520702,4984.9042756772615,4757.192965726921,4632.89123830395,4255.860912623665,3968.022838414989,3586.218033663362,3366.7782014252844,3087.505039810324,2919.377405046821,2627.8800454796724,2396.441390748145,2215.7663875667017,1983.30111532899,1998.2572031414225,1892.2541468426775,1706.8861227949556,1750.137899477843,1601.9108940323872,1476.7054484360988,1408.4407392033677,1294.9940189617992,1234.8533306349282,1151.804676343398,988.878822614251,931.5232266682511,899.00565601586,753.3293510501901,668.3371540435586,723.3162543144728,699.7139408784071,583.5581190187582,528.3548054099238,462.9012543718459,434.66310657726297,411.9023430382392,334.65540108471293,257.4738600801246,255.10192433861283,305.0326010277861,245.77305854512704,235.04555553077034,202.1169145842768,171.58111814047507,157.50199422728045,144.7823191244082,162.45207429217191,109.41500707149973
2019-11-24T14:00:00.0,6512.736555368743,8302.492817148237,10276.319837574805,11857.517071784818,13460.738757549949,14749.977460436168,15924.56539183284,16824.564901813486,17312.569490304435,16947.677736278063,17479.59044054946,17438.31804016923,16918.37317768095,16438.119635911295,15795.311167583928,15155.713234387762,14550.953878119153,13861.755711097798,13483.424689918378,12779.103117346,11862.890632676137,11128.683984228586,10512.357900076593,9647.802471074745,9385.444730839135,8662.721138026009,8019.170113917001,7496.395114661331,7045.798882682634,6549.138501193881,6079.866063330879,5673.983904758349,5331.612818466601,4981.9743640721645,5031.263274540848,4443.974931744745,4327.823923772413,3987.4253944022503,3620.270695797459,3612.3139709745597,3358.074918405839,3227.5387051936254,3076.3337840475906,2791.2761469970073,2701.4672984702047,2405.554069131523,2325.4653474717234,2226.477409664678,2155.6669942152885,1973.51154370854,1914.2457031974686,1726.9599586510653,1619.5078075615647,1557.563140714083,1430.9388631802121,1297.311007911112,1148.3623550826553,1166.6635972609467,1169.142592787677,987.7345568230618,829.510508814906,848.0367542773481,796.6774043929606,628.9895631753222,558.4724622590522,627.5083605063089,536.2847003994598,477.2484198834971,469.92292655932624,335.9242073423238,379.8804198245207,318.62682351657975,290.9432616637408,255.80766942183936,289.60439743438667,220.0699894911012,170.93210197378966,179.93975581102637,130.26965906243174,125.56953421147071,149.3232449083746
2019-11-24T14:30:00.0,7167.1440190809835,8704.896259213623,10464.908766680936,12062.214481030285,13764.096553424473,14437.409614780816,15139.331271153605,15452.212331086255,16014.15319384516,16062.37839066778,15991.82090731985,15784.297433572601,15509.031912508026,14717.86906289118,14395.815344688022,13760.162282352598,13274.641360380876,12578.203691664992,11898.715967371772,11120.474162699891,10680.135432373323,10218.876515893484,9632.35868916293,8756.383636398008,8295.990366249294,7840.749766955901,7254.737255396416,6857.228023315317,6453.346629668587,5855.728907841388,5512.266592212999,5157.698698210901,4868.28954916391,4462.6980084783145,4135.277141347415,3878.575525863711,3676.5705333960645,3610.364654468709,3132.928929379047,3007.678505926725,2835.5273237360243,2551.687891025884,2407.386431749318,2168.282880782791,2163.588066700002,2002.9804207704842,1893.6196797265736,1845.6963374188854,1787.9213886821415,1603.3009183807221,1566.1654284422336,1412.0387511424929,1366.012262190925,1345.8662575046783,1239.666196370747,1382.386601629841,1181.4428031493496,1053.8420536741044,1035.4768317249202,917.4020062419609,964.0932492584923,778.7869114086815,821.8551182694822,773.8614540504839,687.3386808374883,584.0909862881812,629.8347732432927,536.6813377100949,467.88447761957354,377.1485130883919,346.401554616653,353.85184231346125,298.42712427288075,311.27127238863176,235.75955611468132,164.56420595387698,211.2583311790695,160.65635851106185,115.48330881360455,181.24477643908503,103.18045993303508
2019-11-24T15:00:00.0,7006.355760031496,8369.480575714804,10138.948061621039,11296.638061726786,12739.093800513861,14548.911638934653,15716.848754606903,16608.6029891361,17152.502507408448,17734.077806125362,17368.488870646892,17059.60787748331,16669.19922085259,16177.69741725778,15748.818011290374,14914.534771788833,14463.314162888066,13619.099014095787,13081.546003150734,12128.191279202627,11332.331067324169,10561.866433925034,10177.81640474794,9542.575596734412,8674.708131965272,8195.140662020545,7681.054959304696,7222.512715523326,6552.065730974879,6146.511540629777,5612.268702764083,5320.380422250609,5033.313287699964,4614.750443234372,4120.135427229214,3862.649371157626,3603.6573729565303,3538.4645961304986,3238.319356118515,2875.109484636312,2673.6392553482383,2418.6602784078223,2311.6010740939037,2248.803988253644,2027.616595596069,1954.099223609022,1900.1689858551913,1677.577425954921,1585.7168387008019,1515.3135132788952,1391.0051204404767,1290.972892649668,1416.181229799929,1174.5818934952401,1158.7041490691531,977.1706053176181,965.4093937558478,837.2976169049526,795.396475521696,813.6114569874463,675.3337403288823,673.8679301152023,590.4987541739686,609.5480151192655,496.73647617974785,590.8291588442953,441.3202811275365,417.547135039876,357.01487585019356,296.6028352848409,288.20816980210907,270.4779641608857,210.86836507578667,190.77532128193963,216.6637653475728,164.51618478580326,151.76019426476643,181.5215706603448,113.40333666626435,90.69562568457987,94.46395355305262
2019-11-24T15:30:00.0,6288.873398961024,7515.358108768936,8850.677178374279,10380.926654391105,11864.573458532534,13454.182911071877,14682.367227327784,15875.260150483651,16692.059723559993,17183.438664886868,17247.844914911555,17221.238211646603,16972.580786786108,16205.854677668309,16209.705560844386,15287.191548776056,14455.630805871562,13504.333379252568,12864.396029013218,12118.279140807615,11505.839700955621,10771.82021154853,10077.397584697657,9602.214295287933,8757.407215375242,8165.2323768844435,7386.427252096205,6909.337898085069,6540.547839439944,6142.615226671745,5712.012049543591,5229.568401895401,4712.455091290152,4302.711473929316,4149.3808948428705,3736.0752258571742,3616.420274026563,3454.2177609542805,3156.021173014241,2827.5696376145847,2646.4739607927336,2432.7795751819995,2398.1678932059463,2304.9974706541448,2122.205240570371,2026.0639315194053,1917.6431455771008,1709.1262841655237,1536.7348477160976,1523.0000729412573,1481.3846269765174,1295.1942003992147,1250.9599332323992,1275.12773031785,1178.669335978283,1093.3413251591514,1025.739880108408,870.800947613285,748.3751834323602,755.3410240503024,747.4417950112512,655.5929650048125,489.3593677954419,569.4588195164979,553.5003829352263,416.87886176403435,466.69217069604645,429.3342455580592,359.70452596874213,293.91953563724417,236.14921804199895,246.4538852136765,202.85630864204734,240.21335453809513,183.1837414475905,138.78764408637704,118.67289287466477,137.5657499846784,107.9130859092906,141.70965681927802,112.46152143798366
2019-11-24T16:00:00.0,6290.208164125276,7330.013942383294,8913.51905854642,10342.929715990966,11841.68183522994,13685.352248012356,15282.82866792124,16770.18889044946,17833.717238686262,18558.092437596228,19003.920429823473,19466.200200942425,19282.907823317793,19047.672684603775,18461.460110981356,17605.399286488508,17094.991004878084,16012.70907189914,14833.997022776435,14068.877502354611,13196.723390343823,12354.529202222906,11639.815082683936,10563.79158121043,9824.474449603085,9193.054087456141,8330.980530152447,7627.306135152769,7226.755469669025,6834.3852347565935,6203.797907421945,5658.354026166587,5263.742644789545,4858.07224882755,4676.113586297272,4101.659452084156,3887.163963413653,3436.743386313697,3183.0601572761407,3057.4599016146553,2918.8919828801068,2753.2225049571584,2384.795609211418,2254.3648302501574,2168.1241327028683,2005.8326344422778,1895.54826949991,1854.4835223389055,1634.835435642495,1491.8514938619053,1424.6130587848966,1321.500115471445,1275.0190322316944,1209.9841509673938,1192.3532345062595,1039.5021037568415,940.2180510687645,843.8552207470394,880.4963115935379,759.1450891016344,713.0227460467106,722.3745280083232,623.0115053853436,601.8017350484827,531.4372799201183,487.5289640899746,412.5712221905011,465.33946214664223,374.03372434285325,383.88549878809226,337.564356195184,315.7497400451229,271.6070584627874,222.63219661363848,297.3847882854685,238.33753281565404,204.01919638658453,208.40086021693628,160.06540886446865,156.0945349770388,143.90536090220303
2019-11-24T16:30:00.0,5126.015475476639,6095.207328449197,7028.721285131283,8393.243987652308,9793.19499933572,11390.456538407285,13058.114093202825,14306.20077471829,15562.467564671784,17164.06873290621,18233.21509484636,18735.64881347997,18943.857815595547,18961.758771871944,18784.316765169096,17935.729403684014,17320.02673609846,16386.606160357,15320.786243309754,14306.46007896797,13423.789093148393,12655.997687802252,11814.931043965968,10726.987189915162,10174.999719780917,9313.562128057407,8517.390450918107,8017.04923275928,7344.880883009169,6901.192939232494,6226.906776359098,5828.9557209310915,5176.922617387312,4856.789454622096,4434.749549998509,4225.157061031414,3830.6759398965223,3434.2377515144844,3257.2009461938815,3024.106114551722,2806.732824263505,2379.3337355899557,2406.317513021381,2228.549483992303,2226.475815104203,2001.9306056088121,1872.316491772401,1689.9556931554011,1617.063227833549,1556.331795464686,1407.0817931289416,1475.0510195520276,1309.713940328835,1250.0117554941182,1223.9213853142278,1105.6295303709915,999.4792260020852,907.0687071994519,885.5297292128407,828.6481159704091,881.5595317817016,765.1312166319213,550.7272966096024,553.1757595618611,529.8305480190072,486.928094486865,477.44068651160103,353.59540498854426,377.7810495555508,345.21192010208216,366.3587147403814,285.3607562974702,271.9939030127804,307.73667254690224,237.19396849291235,181.36223151348432,189.4524764817229,186.47027784421942,205.64170220366634,209.34457275377144,115.96146553129302
2019-11-24T17:00:00.0,5177.052560403283,6283.488872902306,7227.143234134117,8597.68640216506,9936.498659430797,11275.922530290018,12797.770418160686,14314.717746763648,15764.261419961758,16892.38652154082,18028.543229204515,18493.705035138606,18867.802387463824,18396.152383286808,18150.010845369707,17990.788818784604,17315.379968339625,16718.057481447944,15693.244184324754,14765.538010946557,13781.42539939071,13276.515121011513,12025.682949250548,11313.95042244432,10680.235590605684,9712.057845349662,8960.139393871143,8481.05674827312,7685.683298898433,7120.016079412451,6758.629464984998,6182.457671567407,5748.430971630209,5156.090574918062,4842.504649781697,4487.8123780010255,4242.706752533616,3904.3182216647806,3550.3109059814014,3329.2660317963273,3064.306251705727,2861.0171065175614,2767.2981560735243,2497.5706784437707,2378.840666812203,2146.4313940194643,2030.7923774435758,1773.6840948658837,1666.29163479443,1598.5300185506649,1559.8313178167075,1294.825910345314,1270.8122931112594,1302.0120544310125,1119.0579232178172,1036.5520030018656,984.3680451052116,934.7764327145164,795.5297535386399,769.9725861446577,678.4685725203941,560.7698270709127,581.3986623220993,569.0403695616891,446.36485507665134,479.8512184875842,344.7631573277728,421.29766167383497,380.1411809026788,327.8300497638314,308.4738303042166,300.9922003256016,280.9936951922253,227.32311276177225,238.1284356287377,152.9900573537679,237.69107957066367,203.9175657438924,184.75556747917219,122.99721964394485,148.19209915479522
2019-11-24T17:30:00.0,6316.3727968963285,6991.0067802570675,8170.535172275191,9285.915132602115,10723.44004455968,11747.548109998274,12944.536315869005,14083.874929765905,15081.5224868195,15786.301193677693,16391.369182222676,16621.577974825763,16933.892670290577,16632.708339875644,16332.494662974133,15889.205824404187,15274.069438139471,14381.363141546597,13886.814163875293,12868.737941271858,12217.116850941435,11271.134121898136,10543.712698093443,10135.787231589518,9373.8859141051,8411.582252639757,7905.628019456046,7428.240236079104,6879.616905041477,6084.442355506915,5893.997753684767,5554.356723523279,5090.8459004045135,4740.8716397190565,4460.748632774172,4050.8208951451074,3921.8793928153864,3554.9047139530053,3347.6241401377292,3196.785843095573,2880.374603493996,2763.9683154649983,2568.946260309198,2323.5376185330815,2419.0745371208986,2201.42534866633,1999.2254286139437,1996.5592546231858,1935.5337041740554,1831.681274435071,1867.8661507740655,1757.6785375108066,1658.6201014092699,1568.352486734922,1503.2293656452507,1447.2580121525482,1418.7242199030375,1463.7535802878015,1308.9174091272287,1261.4547593867,1356.0347179301689,1379.901499543854,1283.4413613446231,1237.0481639670252,1109.3998831718084,1060.698279638324,990.0136829876243,980.5611412549393,812.3923800388267,718.1057710337469,767.4562564568853,841.3141338359871,634.168775915256,641.4970151737958,499.3111602343645,448.75879830463816,386.56014475318744,435.0646529876904,257.59966094733136,265.71928470394573,238.3511017953479
2019-11-24T18:00:00.0,11119.638711796348,12275.066928997763,13759.187295750964,14946.586659437926,16217.628302721187,17214.274114850097,17863.390096216186,18266.190796572053,18319.867681949545,18277.368526431837,18036.08034116408,17337.39148597174,16211.348236607428,15638.045576079705,14515.460807773992,13627.422431260284,13016.101092483928,11956.520379423813,11179.919823268248,10493.535578180414,9686.971032209527,9299.088094674702,8506.184456072682,7986.893845736527,7507.325533873387,7089.079788486689,6493.839903737662,6013.690987358008,5701.150012054855,5543.4664199573235,5299.291513214601,4821.546190567216,4481.766108029299,4455.02931449652,4315.573391050707,4125.387076954441,4095.3961808077424,3722.9714251027253,3575.814276926396,3534.259754800284,3257.884972664926,3255.3464886999122,3073.6225069254915,2960.8769462705554,2905.9458717684797,2734.0825810341635,2771.1471061353604,2664.8593469878306,2617.4753791880808,2466.837666535461,2480.8939465833946,2341.928976491221,2277.870752794865,2235.403764616033,2111.028637135797,2050.265157592176,1967.071309280682,1897.4028454286395,1776.9057307137718,1582.4695724635567,1521.3653224428267,1357.2999075178209,1338.4510698877848,1261.4118198998622,1128.346596056491,1118.8479990236822,1036.968793354676,906.2798319378107,906.2577296026053,722.6192444167227,704.6884737759954,660.3157418868838,579.4602548830421,432.94640226524893,490.6193290933768,309.313711993328,359.4317346952785,323.5042505323571,290.04852441855604,338.3028968126821,249.83394809379493
2019-11-24T18:30:00.0,13117.841568779844,14028.873582678652,15176.787111634938,16060.174934362632,16700.104920175138,16981.99153649584,17200.587044778298,17103.905497756183,16589.91539140482,16120.511694491583,15547.96638453435,14547.68615304935,13961.68599922321,13306.459293420516,12594.880745455823,11791.152509664698,11236.632991232134,10745.721604482913,10097.343848501056,9482.71466834132,8847.373349086058,8375.938716390387,7875.183066542069,7628.852366735027,7225.178121200796,6778.864343571975,6607.7835598594065,6177.1122122802735,5786.339456164671,5970.192785954653,5585.630223421687,5277.111295905314,5225.883176616357,5086.165971136006,4626.482400591611,4756.946216914306,4570.2966274369155,4529.999348088867,4276.036093829141,4146.246750603437,4167.805241408705,3769.370161214813,3686.5991874079364,3645.5491461091574,3579.317721297099,3390.1107153970806,3271.753532118768,2998.423552661054,2932.117080249251,2824.389783699743,2698.6730573851737,2305.419157225303,2226.927020196874,2126.7288197455264,2021.5792855759832,1971.628803876471,1710.4797462798672,1737.8828262578604,1483.9199680902832,1526.6994710061936,1428.2636717801092,1298.349542248953,1238.3164492994752,1070.276983743456,1021.1125922785557,878.8855066018662,972.5434881829817,807.3423710449188,712.8541899215427,657.2487640022528,648.0357248068897,590.3246584826303,437.92502671755193,470.87987270790427,383.81511356713634,357.0494482868877,373.39913974372644,253.67174269417814,193.5237784825522,197.8224524087625,171.07923698603537
2019-11-24T19:00:00.0,17525.307609177085,18253.27443857709,19174.564018525532,19469.72356560648,19272.446240704932,19591.813323215534,19038.51224583628,18447.555875941085,18094.446971046487,17569.13218229551,17265.11007273555,16303.996795153378,15696.888361407395,15111.17503774769,14274.131599872728,14001.959359509892,13647.07984800874,13040.733412644098,12505.113043054982,12135.31343238706,11554.98154254888,11286.23587613916,10845.353386551003,10590.415603365533,10526.429088913872,10368.21557823671,9755.322958713565,9749.996858217515,9340.162983173264,9164.991121027822,8799.3889889083,8635.840900339346,8511.913333176708,8145.788269774246,7680.457465957956,7371.273282919638,7240.999948256644,7004.933687365748,6806.827760567148,6338.951688768548,5940.797040819539,5667.008275050422,5541.831847965135,5270.09564785796,5061.80434463892,4559.657957699679,4469.910548650102,4482.820191503661,3953.64973818034,4023.885923715796,3459.257397420813,3345.0931288478346,3207.646721028148,2996.1264988577313,2689.8165825861515,2482.028141765962,2296.9665096849426,2252.4171841271277,1902.7291993749004,1938.5025146347002,1783.2606814096548,1491.2261661297753,1449.3064264773766,1190.6590892872218,1213.4550164749678,1073.727328981803,852.5704553997284,832.506825818003,733.587977386978,724.5804296484483,545.4238966754741,556.772801143207,485.35265522022064,445.99529670029597,329.70746856973915,322.28844156850533,343.56924358999856,300.21567455794224,199.81915484377632,254.05468223126573,164.47925379960327
2019-11-24T19:30:00.0,16822.857572156296,17104.711852046938,17666.02772702492,17256.94128677595,17313.819090828256,16986.39959652898,16645.411119110915,15893.155635342848,15348.651335890783,14883.737253412897,14188.559866866592,13729.369960986924,13239.643278957104,12823.350929076749,12107.012756114818,11558.042160917284,11244.650336822833,10944.298010995251,10975.722366768128,10495.011495543582,10370.022770879734,10202.19702683622,9923.19686833655,9731.707634941155,9350.084236404164,9347.559271436021,9011.388910595157,8740.077349677093,8699.926339736252,8372.225455379661,8034.9699137191055,8063.612874278557,7779.5757056061175,7552.001136643405,7245.989485245758,6738.863752407864,6670.282312743996,6205.021609611522,5959.499299326858,5633.137422951005,5487.453507100496,5249.024732092051,4828.124703779301,4633.701838169307,4475.939170825717,4127.84655568932,3776.861525281487,3599.406908784173,3265.051262235219,3181.051927603811,3147.130643993816,2762.234744344817,2710.57969242529,2460.28654021271,2229.1438938563942,2133.7335233163344,2001.7947155062122,1760.6790040839478,1799.8361817027517,1606.8903990264798,1333.218140881862,1175.2371287528533,1205.0473853948445,1060.8312541757869,951.490227268424,841.7232231490477,811.6402133097624,742.2657337212906,572.5384227020863,491.4945560693787,408.329613601685,412.6583210300444,408.8939133245133,309.26232497523245,285.040989390856,258.7571150074078,243.4997919569331,169.896102357287,211.0540738952048,184.3334528638192,142.3906831146004
2019-11-24T20:00:00.0,16853.76332755218,16549.93963512505,16064.186281588529,15644.029285597375,15209.652566351302,14838.50449353577,14070.799043871673,13459.941402521263,12867.765736297939,12443.614364659838,12117.681631080635,11574.107979992954,11077.328265351813,10568.476891637503,10516.915377523925,10077.751198434631,9493.496179581023,9398.164472132969,9269.084615873686,8913.526164732979,8658.830896542666,8486.110241124226,8264.648888646458,8178.966832043757,7819.696565468708,7826.307342550119,7455.200375714594,7354.082231422408,7096.030584266131,6820.754590352169,6661.198013121645,6626.612135109683,6351.998846963363,5898.260414443289,5893.7936680574685,5710.711229911337,5369.601963761968,5254.5199756814345,4884.787109787708,4778.316050569677,4399.519310795066,3933.451860440862,3973.6015495381744,3767.2626048543775,3575.2775521060485,3227.4059916919273,3038.8108135606044,3046.717017641928,2832.516701154204,2471.4011340661655,2471.2360358997257,2150.6547511849894,1914.1512339302808,1715.3836515598898,1777.4206490193565,1604.783252884173,1313.926244736497,1217.408684603791,1123.2663850521258,965.5078125217739,937.3391877528662,832.036893919158,744.1348581302782,698.6204449293829,667.426965849287,548.4622344242339,591.7859837027863,473.51363696198655,452.2749428432862,453.08563309324956,258.01802841961484,331.1939589266759,316.3618650114562,249.40345200125284,259.1455897826121,217.06000168483632,163.06745721173786,171.60472573486553,161.82551128464343,178.48692960223858,147.16641728127624
2019-11-24T20:30:00.0,14876.933361996149,14592.795350346963,14377.535871348224,14309.45890902712,13985.960659279914,13558.221207658697,13193.221738772765,12840.426596093652,12334.181255590467,11670.467519242451,11498.087144464453,11096.193791365615,10573.310522591088,10164.802645672973,9792.847198614852,9232.861141295636,9012.33196226694,8658.743538633702,8328.390571277436,8149.804314199887,7680.314843034583,7541.227211137214,7087.899728419346,6872.133833041074,6648.117344899473,6619.803230793021,6449.126148028287,6284.898471034729,6225.778256553977,6140.573668508506,5829.813935547705,5853.137540331888,5563.192979729922,5181.094850425984,5186.660536774545,4920.990259894246,4676.251129929478,4349.195570363062,4085.5368811997396,4075.8273186275565,3664.145983931799,3449.46025301157,3156.1011564543237,3128.8956340516256,2946.6330062804927,2565.173222256958,2582.964809056747,2408.704911710912,2264.666059459191,1944.380870689608,1884.2212211165709,1691.4906424998646,1587.811934009075,1552.7817889897258,1564.6295132021405,1299.1944724292903,1289.4024638122858,1187.9124150614539,1045.3861974170463,1067.1671630421129,1020.5866156311009,910.1051592571181,821.3151467569875,849.3764443711017,708.0998460982009,792.939774863423,643.8990267114298,586.3444477264114,528.0184314209533,479.1159770599275,517.7912210133039,438.45779979787017,431.6590771876696,342.55905533687053,273.60502776559775,290.54769989211684,153.96615308593482,222.95925999267408,182.83446867870418,190.51953854361815,149.13931395943735
2019-11-24T21:00:00.0,16965.976483694623,16791.020916879446,16699.78985956489,16344.184498798131,15813.816324597632,15721.410562404497,15083.511353098593,14661.178298098474,14375.92621145312,13939.576682390056,13635.353536370603,13183.492180869027,12760.26434682048,12259.609605161751,12036.75512798787,11680.900217816154,11561.323457193437,11096.446871884636,11109.056674579038,10931.886429140268,10510.633654279554,10396.531388346843,10255.503806360255,10124.309589039885,9804.74317504997,9913.19500547989,9640.777845548986,9490.627767489625,9377.021762428816,9004.806174449692,8581.500492153924,8188.024278659252,7764.513530313059,7882.884485345506,7528.5113711698905,7259.436765617496,7302.921440012149,7017.6953206521375,6857.633091232277,6648.948523651675,6348.717253199262,6461.010888927962,6140.556377874601,5912.806126015382,5608.574949594008,5517.717215772809,5388.986558212114,5198.460352463043,5030.152247935322,4757.308825056388,4347.189381252786,4188.253343655634,4173.660242459132,3876.1375956767934,3365.5987920520333,3292.8707130283947,3012.9308777609203,2909.8782956487685,2651.2581250420167,2592.310184421188,2312.6822106906934,2166.2088703812556,1796.842330982937,1908.7954712911526,1433.0622826196643,1401.466315785858,1212.8836914696558,1058.5625971985553,1033.7660592642862,914.5175723738766,846.4375874779317,709.7764116477115,600.2515333186436,478.9506117549398,556.675483063167,313.4746250635312,336.9200127167705,337.89786709189775,199.14526012361026,211.60270482270283,209.99442914729235
2019-11-24T21:30:00.0,19150.197537987347,18592.392835595445,17881.344877588264,17297.144336197867,16779.159697554453,16077.581010179772,15895.365933414629,15319.422952269868,14758.352301072862,14212.00414209845,13470.992486923351,12881.24730587201,12407.59292957461,11966.667479688273,11880.450637026219,11559.220478694686,11007.26063090879,10971.055594235384,10661.476051423291,10399.775918957228,10113.423391719953,9771.565702870485,9626.772264066327,9179.608997871568,9098.070885129691,8842.063308457557,8756.60507759093,8554.235672608378,8370.01757040424,8082.216172945971,8050.744891068682,7715.600502537848,7745.816815209231,7302.4816419942335,7422.232197579904,7164.421337663191,6979.230041483935,6779.34105401304,6677.794648418382,6871.760349284902,6388.131719953215,6428.645858273032,6110.584421312634,6017.091356008716,6017.017551031735,5765.469899273329,5532.991758588443,5400.947994302912,5121.51959131832,4758.550169760667,4550.760177107093,4137.713543309089,4033.902422528514,3719.546813948955,3445.766317901069,3177.5614858003064,2995.6649971668985,2780.129241873996,2354.34084164054,2067.697951292329,1892.976686425813,1819.1128878504996,1703.0261144607011,1405.8344593524766,1209.4232627021313,1052.639559831997,937.1518413615127,950.5187158467083,679.0888240300003,621.9634612408688,468.2168706331884,491.05774320402384,410.6377043906655,277.33902923419333,359.7426102444045,202.58109607724091,297.7550000673026,222.61331613079372,135.73395826922604,149.67671358633513,123.49730925918097
2019-11-24T22:00:00.0,16662.193950273046,15815.557470520023,15049.566345058884,14163.276196188426,13826.801314730666,12947.038472716922,12429.922423031489,11739.124203468064,10971.89046480821,10411.361400126338,9883.51187395689,9345.551348722502,8845.57376807887,8329.44146417389,7752.160327005513,7312.203550521537,6870.877282082825,6588.28519283893,6202.406355933368,5924.025633371414,5603.527736948495,5415.451210910988,5216.236271237377,4935.874336343057,4768.1641951933725,4458.746273508307,4359.226214716755,4269.548358765689,4128.189132745982,3843.897778537716,3677.141018501169,3459.9847603218377,3366.2387886245006,3246.7061816995774,3153.7682456853863,2984.551904470436,2920.1247196607155,2813.9639926512646,2595.8320059228736,2509.1753552506516,2364.3008171050383,2265.6119399794006,2169.172974422122,2012.9035729298857,1992.977811222178,1937.6822043147451,1585.6769256217185,1617.267033620817,1455.3733394803553,1401.6331135290677,1252.486555917418,1240.2996549055647,1180.2849203079186,1148.4656203883326,1054.1312833802153,928.61446262109,842.9041686007131,697.0417109242572,735.9261950645173,742.1971775669645,634.4713820881975,532.7887796708125,545.6510997530506,580.3623095327017,435.37279239256793,464.96792877862737,300.9715089102863,410.30180419058433,386.0837897779152,267.91063890101816,296.02987328986546,300.6625264469179,295.0319308294096,245.93598807350412,264.1864167539486,161.04538374057157,237.64199708099173,126.1649061693096,109.47600475979074,77.50217393149975,147.5816826109167
2019-11-24T22:30:00.0,19328.559766849343,18498.66078287918,17809.621975699352,16864.98431733467,16207.223130001128,15700.32946174239,15306.03018534578,14665.81379764059,13981.80744920195,13344.527442238641,12726.615325367979,12313.579389906521,11804.02252312109,12029.295093227203,11540.843264007275,11380.289478062175,11151.057931912417,11115.730948576722,10971.786223472403,11062.967072922456,10998.593584485017,11321.944609894445,11443.99036261999,11619.184129534086,11656.269640243318,11651.76733788156,11785.759527623439,11764.491738436442,12042.73318303935,12319.31089167032,11885.801143127206,12104.074807273355,11921.021501958514,11808.50632069126,11355.094023358566,11341.983953834955,11267.738166600997,10810.508331637964,10413.496933044802,10001.075718737644,9856.631148345561,8881.69661163464,8495.285500639187,7976.65155732361,7358.674565271575,6849.885772071805,6324.193817590103,5855.646068057432,5602.737495066227,4874.489082368638,4276.582319173124,4081.672717734846,3568.5681088852257,3232.6161207976616,2811.193416696675,2550.306639861251,2151.705516292212,1937.6911441068878,1768.7404805083695,1472.6611873164677,1311.027366015845,1108.8240341317442,1138.228764902929,947.7317481036648,773.7855405600545,659.6138951607946,699.8878670608168,527.8443148002889,425.6781999649132,480.61044831439744,480.9567428687801,408.4051414055332,257.461901302549,268.960769846455,265.9545578237025,215.3270330134653,228.85086963156147,292.7542263583611,162.5118161648335,118.51120484766862,179.7457842045461
2019-11-24T23:00:00.0,13185.548445157881,12471.85328655802,11700.3496200003,11046.044635633712,10344.882603021371,9727.929526285841,9147.538624157694,8720.124166434021,8209.151430947457,7649.837794951611,7108.798339583319,6628.316076021567,6285.277597563717,6050.429519784052,5765.4829735740805,5361.244349633564,5151.90305389676,4913.257030127492,4687.816364650403,4511.984355124705,4324.610754446128,4196.90330680391,4081.026419959794,4068.017339079247,3801.84826178704,3490.643881903407,3466.909030634117,3391.260030057065,3353.63498624768,3281.091044382075,3189.54981535931,2976.905366073047,2832.139225947667,2842.604143719579,2725.355491903131,2620.057285227053,2607.7015298661026,2481.1502273955016,2256.9905962581824,2200.974731168141,2198.7575787762407,1914.624090909289,1758.3861970127746,1712.2034177614273,1518.1839266832342,1503.5471775968213,1309.658785412857,1333.5009758258675,1197.2752781366762,1031.7489770921306,981.0109328438555,979.747997080616,843.1000790967073,762.6312797956567,709.9310677378342,565.7782694056609,559.8997286186303,513.3359546109513,432.2198356916852,351.8713439910624,431.80800576531084,314.55357512363366,333.45165980649097,368.5070652498821,226.2410946735478,229.6143570044037,184.1687365886335,174.54599803599504,194.32036373833378,139.03517951195482,184.115023588867,123.4457331132926,104.46834923643212,113.65474620878663,161.79118093218347,66.4541684881398,99.32668238837974,49.3768798509789,65.83407322446777,57.371684691207896,58.64525485726264
2019-11-24T23:30:00.0,12045.048762286646,11600.036065025832,10792.70387140475,10453.612802259102,10164.120203740731,9647.598891374448,9217.60292386632,8706.195610962583,8154.5390180067925,7826.200432030034,7628.549372001479,7173.496557741569,7126.506005641944,6796.200198118639,6432.914878848507,6128.736248246599,5989.059311502022,6130.767173944566,5965.193439327658,5862.661989209801,5727.732014685986,5789.7521318406725,5609.652651824657,5535.942099446469,5524.3346592681155,5481.213854543677,5513.977093859985,5525.355886257241,5291.203518502185,5057.810638167885,4958.097481427923,4749.11311352963,4638.467380244046,4238.684999238021,4223.563773883049,3890.2441389830137,3944.8495076175823,3543.4934494553445,3470.363334762031,3218.2030607091497,3028.304344397903,3062.506298710547,2813.6483833720376,2448.1395456207965,2412.7746883055142,2143.7547776784045,2002.244553054151,2003.1667082622935,1781.7850998428587,1719.2480934642474,1612.3334582826449,1394.0220011086085,1302.7831521189141,1207.5489057187003,1141.2106848170865,1015.8838917754119,929.3272971702957,1046.0131696113413,732.0773044319113,684.2893798060275,701.8621735043466,664.06890066544,611.4192870018804,556.6339071722193,545.4364533493222,453.24309997902174,467.14628447304455,338.0985582564732,326.2621844430172,354.3397297217881,312.405588695829,274.55552537801947,219.4498962142749,237.29044747544827,196.17967287781386,170.87096604303292,207.04978325552622,194.4672097275212,143.32752286384616,128.4998024564485,133.26606336764416
2019-11-25T00:00:00.0,9785.415792174514,9220.213873453771,8752.752738955209,8224.588698874548,7957.303456607101,7572.108044434357,7110.3107309701045,6716.193418171014,6279.540798847193,5983.923633490029,5714.6838721899085,5399.533510781033,5276.622313052215,4967.447085629354,4707.514704039784,4646.037281528856,4533.640430092672,4353.783777471328,4277.781164029893,4106.023596283663,3913.274943283914,3841.843594081478,3802.0130837073216,3657.0918309875747,3577.312410722005,3390.013431489693,3448.840597509152,3373.858674615053,3358.7263623453205,3155.899106115327,3176.34486970991,3061.568068889376,3080.9724230549036,2827.795100127708,2773.701710611506,2700.007830935544,2621.7879648508233,2550.4248319794137,2701.032171726504,2393.9448760317355,2389.384603979237,2224.2987195299634,2191.480745239959,2107.1695448418454,2069.285233088787,1932.9696653471792,1949.4657763692048,1703.56066258759,1501.6245267194975,1524.7308853024945,1226.3238746835946,1200.2134698084428,1163.4765920464708,1077.0651235035873,994.370827483744,954.3177844606591,862.6963970363499,712.7529081391772,691.9997226917623,716.5730529693917,668.8881948561127,486.560723694146,565.1406282227726,514.1072414968147,429.52476035123755,455.86874330347575,348.5325634902222,384.2976062991987,307.2452785455142,259.59812847363224,217.17793903097657,221.86951993674975,252.15410493160783,227.39817682979714,244.26529920677575,226.91801840105546,221.3723618439932,194.96018746087694,196.9640478280992,184.70808818126775,120.45504280902136
2019-11-25T00:30:00.0,7021.6471887338475,6841.7613852781005,6617.613710584179,6339.221947019172,6239.4132853052415,5900.119870302681,5722.6068955045275,5562.655291467234,5144.872498261294,5089.9879004667255,4974.6227818514035,4692.81972040113,4697.305527243596,4351.644576042351,4204.858354976227,4180.725360143585,3930.9903302059092,3870.3027183921604,3653.0380259226727,3421.014131906128,3238.357572147738,2934.951051229195,2884.2444147854817,2807.000177739763,2645.74298857967,2512.4900508921755,2381.229482316074,2198.548070710286,2042.0205629242369,1894.2383700188104,1828.5045290547662,1712.176657508758,1617.5123658048876,1493.5154945995866,1412.281826924456,1366.8522752089907,1307.8975985133932,1224.4150746827904,1161.6208057429535,1137.6176045401862,1112.6324277917101,1026.3431964326849,953.2602275914417,894.5128849628478,856.8210799758222,903.1784966751311,905.1299065709641,794.2396289800636,763.1334216894262,644.5480784863339,665.7346239747759,648.5363834349251,668.674847355961,563.6592910588524,520.1738670616995,565.8946336760196,549.5432464795045,541.4286404428057,466.2527766003022,484.36469447916943,496.8429480196212,454.6737182758288,488.2131297201133,404.16481705350736,404.50781190784727,389.3181148712187,438.04551198681133,324.78647980150527,299.90905770379806,363.3172515519323,289.7186264505686,298.76184194787714,271.3562502655785,251.54646875088244,202.53235770347393,202.1995938301996,141.29504670974308,159.14465147554907,168.6715353445596,155.41002035149958,127.62628091593213
