t,Dp1,Dp2,Dp3,Dp4,Dp5,Dp6,Dp7,Dp8,Dp9,Dp10,Dp11,Dp12,Dp13,Dp14,Dp15,Dp16,Dp17,Dp18,Dp19,Dp20,Dp21,Dp22,Dp23,Dp24,Dp25,Dp26,Dp27,Dp28,Dp29,Dp30,Dp31,Dp32,Dp33,Dp34,Dp35,Dp36,Dp37,Dp38,Dp39,Dp40,Dp41,Dp42,Dp43,Dp44,Dp45,Dp46,Dp47,Dp48,Dp49,Dp50,Dp51
,211.39545769669408,203.5831678606271,196.11848759691193,188.98257739113234,182.1577697728535,175.62749396233434,169.3762047528777,163.3893155246218,157.65313526440468,152.15480944946216,146.88226463990244,141.82415661577164,136.9698218886912,132.3092324150691,127.83295333735167,123.53210358127308,119.39831914020736,115.4237188821926,111.60087272067426,107.92277199624449,104.38280192341024,100.97471596352037,97.6926119922538,94.53091013740244,91.48433216995024,88.54788233859841,85.71682954482658,82.9866907622826,80.35321561072064,77.81237200083015,75.36033277211263,72.99346325145699,70.7083096652354,68.50158834260351,66.3701756522328,64.31109861895746,62.32152617077828,60.39876097035655,58.540231788560995,56.74348638081164,55.006184829917274,53.326093321838236,51.70107832333466,50.12910113280262,48.60821277776433,47.136549234475936,45.71232694696553,44.33383862451509,42.99944929817688,41.70759261836389,40.4567673768957
2019-11-24T00:30:00.0,474.58405663533927,528.0030238118593,539.1317697878126,568.7998374579084,487.38461902825406,495.20040355502465,482.331649921456,482.65023168608866,425.53973572582413,548.4908062159406,523.2373275619129,457.7393686848405,427.5594759541999,459.1394732329113,517.1987949810924,462.38774535616943,537.3820933651825,524.2741470474123,678.2424826444076,620.5347243838985,581.4405311889672,532.5980879058002,691.770852900321,747.4767372433486,867.491646025807,915.1603582237524,1002.5585454643979,977.1818336361945,1038.2882208508822,955.7521511670276,970.6817483869187,1081.6221644776515,1147.9861571907231,962.4228969336298,1063.980365390942,1123.4184210326694,1083.1701404065207,1175.9462541577357,1057.8239890427585,1090.9565120627594,1079.9662120726955,1145.5951360130493,1126.045061141529,984.9883273372259,968.9381594144954,1049.9023252746085,1133.7923170861663,1121.3147791554616,1115.158299322242,1243.1826366978094,1230.7840418759502
2019-11-24T01:00:00.0,589.310192708763,587.9087615388382,560.601377386113,532.6180425392108,469.7850216166592,604.7561050813234,521.6954932069305,522.3963207465429,412.0858835263165,470.3989161212371,445.8460906303229,446.309018101628,473.844275897629,383.7149308064909,446.275129533603,386.027803218532,429.01220443504883,497.3645357333704,444.64780925189507,456.81549469693823,503.15464170990197,536.1094520266413,660.2303585239401,729.2435801648037,789.7714796642153,794.3788945054528,838.8835874615816,898.6651572930937,850.6625057436668,916.8563362050888,934.4242109626815,939.2570582280861,942.8327579563811,872.4117062205446,937.8896165135609,1031.1077300987697,1036.6058845820742,924.9439636428265,943.9592996177576,935.425635826151,982.6625756123187,966.1479109388902,878.5736088083622,942.0711571066904,966.1752779474897,828.8290540607879,987.1121445816373,886.3912365595756,965.1030209436168,1075.7617292940142,1092.2946227035013
2019-11-24T01:30:00.0,279.39161890447485,287.6176248622155,357.6406348752939,326.4336005454558,309.06038113067257,281.7976558325686,341.312778789338,362.80658756768537,356.82944999622134,354.00240292236117,343.438739790742,327.80877625234837,356.17014736460993,328.5798040825763,378.0694161468524,374.0732419822597,383.85571386974857,362.4383819891572,478.3569054056343,492.9387273243012,603.8059428554902,704.5535932154875,726.742265231058,764.1973936002794,733.57906008338,774.3468657684464,895.1896541781869,898.8296083460309,869.4141150005962,871.9231655349402,955.3465204357344,999.4009462257536,1034.4318501909231,1066.1859934649262,1086.7580846609073,1116.0236383385327,1059.1001181806678,957.8839919922668,1037.0653485817752,973.365443087218,1075.292579948036,943.9904311071602,984.2917315030766,891.5176534891266,821.621626702065,892.7932861533983,650.8783911415659,860.9758323464387,788.1098676746592,938.8525188724532,874.0755988963706
2019-11-24T02:00:00.0,287.67506421788784,287.55038799961335,283.0047817930754,394.4475311876279,342.4146548715255,324.5932013584313,308.48046563036104,264.45272051995255,332.8759869009966,403.68721593130556,381.5779273670315,352.0818033625752,411.5994862451779,425.6146838037608,359.3126359220581,306.2453480102545,441.3741657574073,508.89903945025094,444.4926692920339,459.1231557470197,575.2701805861182,633.9653759441331,681.2489550021965,764.9732137527303,802.5949126100679,883.0562695461592,863.6970007935831,967.712274483919,1014.2747815496646,913.7598034609377,913.6052662320349,1022.7192504720696,958.3161610125469,882.6560057705485,1031.4875729709597,1013.3991924990371,850.1670700516754,847.2304775158653,826.7384546160745,747.4694725595048,787.7290218631842,903.0603657959152,797.5482709354694,734.6792437074452,647.3075530440734,657.1464057892038,585.6904919482774,642.9282052961927,631.3661206636295,728.028120570588,642.0556047357952
2019-11-24T02:30:00.0,287.0969855592035,284.91802267380103,282.8538195298573,313.2475090590533,374.4413901128094,432.22331952522177,342.06127737319537,383.7592394056991,376.1022958186231,375.5198633235766,420.54550345485586,335.32919626793716,342.19261571218607,296.0262408770983,370.66017392820197,379.60138171621867,401.2928177446803,354.0577499390099,413.70719664071765,456.41546095485927,543.3739736637028,594.3398611309489,604.7659223492434,603.3238583758645,798.1048975648705,826.5541092175916,951.1872977855996,838.7170741548024,792.2321593196932,861.3224886038183,860.5896062765314,870.5347061432371,924.6851724495662,900.9723996516989,914.3587664265106,944.1253055225122,936.840169142688,866.878112544873,757.4308417380297,661.7681248855519,834.4159009602481,805.1302801554357,700.5135187890452,635.7511112111014,538.0202374279129,538.4987057063809,713.3749876638319,616.072114402488,582.8245205014963,671.2427433201918,602.59866924748
2019-11-24T03:00:00.0,309.7136906053237,336.5232129951304,321.689697894159,300.1489464872741,310.95569236633014,399.4793687391142,385.3113731729903,357.1711972782563,294.6655931489489,331.22456299107375,337.4191518596513,345.469129203132,269.21562797080435,268.0035137881463,330.50378328187287,337.3214232666795,371.0695360283429,310.3575444301823,380.09200614629304,453.6066286552716,511.3681212104692,537.6090439619329,652.8262729527808,559.3889465694158,661.671113189328,722.2896691125923,795.1755732626724,833.948040470292,889.7054290496578,850.8059936148163,939.0458894200841,886.4392248900252,905.1357742301182,935.576667111689,824.4814558894034,662.9327860397652,783.0762296835348,716.204424556146,676.7027445252902,626.4415420285056,597.1440285397782,584.077585098416,635.6430577020867,591.2983132596248,572.9191332462344,578.1837364762328,442.9594596981392,443.39148540544704,430.16943528418483,478.4280869872691,526.375927101949
2019-11-24T03:30:00.0,345.90076791244667,314.36619328457857,342.32189397527424,392.352999493237,355.3007247791276,378.3009200467616,351.25952197663713,366.84152573476484,303.9815683822502,374.51010036408024,321.720181311797,345.3899266996618,340.8913489970191,284.01086058657717,265.6411380717451,353.5769344560447,414.2217631214629,492.6591693422367,378.34183405118677,450.9347905079354,531.3303479944498,620.6553186615295,614.9386678710779,759.1458186661458,812.3673438741996,719.9859596630004,827.9589213071224,986.5762087653682,967.6350855587618,815.9535095745682,778.0767330907544,862.6083998897793,921.3596638895624,942.1066580349303,967.2877419455762,770.6501042861587,672.3476545107449,545.4051661113756,565.2671454753541,613.7085051321945,481.045776141092,610.5551985565959,527.7734696807381,606.5333741965798,545.6631520424751,465.9340269151794,451.06117061886414,433.23655562957265,456.63791879106793,348.914716398476,473.13765377305623
2019-11-24T04:00:00.0,257.6849541651301,264.01713967234286,344.40211812152404,294.01486940780137,331.3754847912089,315.52994909268295,333.74370378894764,417.2134516336628,369.3718064063849,372.79893552850024,437.06976470384785,415.5056608111409,432.8559887519386,386.56766383085613,480.07047092752856,453.94286198709784,454.67963322688627,498.8734286720303,607.4947436698719,630.7920510372082,730.2989096472626,616.3243283809463,767.2885809081622,810.0218519060575,950.7997382741711,922.9479889977749,865.8359633208436,1045.292731859988,981.7874221924233,1101.0665736427197,1207.0839074551725,1191.5592158294007,1011.8264702549267,911.3495280474712,1014.3367547675716,958.5507385813304,937.510014444256,957.8577148549512,828.062738826008,834.8769964583378,643.7261434821377,676.0335498251081,670.0586251454413,490.8551053096552,537.3693779811745,504.5904732512586,426.67690640822195,515.9659772704499,429.30500174806724,462.397913665902,499.89907793749785
2019-11-24T04:30:00.0,242.76796378702488,297.9039130583569,353.52172007406807,332.5649421354336,355.6823173954032,357.1174936521774,311.3327187009922,418.08860286942746,356.83786474027374,375.90683705493336,392.48130947754635,379.7029475767032,339.96969887000944,439.7797974306618,399.0898161315771,489.1276556440565,550.0410647437523,589.1811158029132,576.1846823878719,707.4497810265337,670.2741923697035,765.0871355787563,802.854256911733,853.4588610829139,960.5286997886527,844.0108224050921,1062.4747492915453,1053.7758066278104,1174.413752958773,1060.516332099859,1017.4080182394333,1034.581753938809,1088.6283463029145,1134.667014430796,1120.3113829889844,1163.3352079848378,840.20782557353,934.7588662499099,845.2061056971406,679.5580292693178,786.070824179581,680.2004961622831,550.2904798964653,577.3533853529565,473.12638804819966,444.7825568545642,379.4793730223952,410.5092278589451,521.9879840974475,460.2413856274512,438.7030216354856
2019-11-24T05:00:00.0,170.9970415679601,173.42279649461295,305.78648956289226,203.0075682471932,285.1107327300791,293.3185182487472,289.64579290311747,375.7695374553441,347.37453805809236,367.7005381010192,318.0117337168196,396.5787293339164,432.7989114227281,497.0729001432434,438.4834640931134,444.665680629118,613.1429789682063,719.3285751619223,793.1669817145003,815.2000472044713,755.8209373584873,993.4899081818654,1050.4113307784032,1190.8349899162492,1128.0884442690644,1169.9748144003809,1122.0682929013146,1214.9161114050253,1127.584625102134,1315.308619186746,1147.6922923164705,1124.8394775670731,1152.1509551953254,1108.2219968682105,1019.2204435404167,927.0113700821065,725.5872055659888,719.0263778359677,654.2277303410312,694.9657594568828,704.5695501987586,591.2178313433682,520.3964083983093,427.8563152007631,385.6559788898154,438.97599186015907,492.4094059786233,437.14289504699343,376.72723952372684,369.68619318899255,343.749277832919
2019-11-24T05:30:00.0,168.19629995267263,246.6829013116285,195.1089159219821,246.20352528026137,223.63928056443675,250.31356722520889,309.89958992193874,258.85547457408734,240.92926227117104,263.7523460457293,338.0784305562331,400.57967408812215,328.22622571616887,405.2080647928343,477.9892928517933,591.3329610667397,593.8047152316194,579.8474955574098,645.3191588654156,638.0346109991192,852.7534527394289,877.9177279312394,912.9510752599448,948.6821219430383,971.1138995597132,981.3894859288039,1049.6887939816265,1051.538064384385,1028.1230686409158,1184.3737237044274,1124.785584122115,811.9111435591642,889.7018775832414,846.3726853427852,906.8241125942542,944.6955199764027,801.9407554933978,691.7835285676991,539.2419807551194,663.5580972674835,648.3891073938281,510.6830173501448,563.6922799639527,463.35165866825895,457.5188174974468,359.76802305753944,299.2401435275367,296.0610576349283,333.29699276107806,423.84945567522345,477.26486718473575
2019-11-24T06:00:00.0,142.4344473560529,138.88602511783063,200.35840740218708,220.2638667099299,219.54105888669199,172.4208995780923,234.38878760594451,233.76178374407607,291.8490928308893,265.7185975440024,288.2638377994473,330.3214299004681,347.21465337445113,305.59659608731283,431.03250482828776,478.8062378909417,460.1286815040396,645.6205993570753,624.5402362965499,634.2868737196868,725.6071926268346,831.1542102843866,628.4937125837466,838.5553650193654,847.4563462580759,874.908130063308,858.0354706076735,825.0579569374047,846.6305097378386,825.0645145789907,823.3288701971765,796.283632589898,678.325722762501,649.948133787668,573.48119082318,668.0768844287254,571.0482759346419,546.3024484045098,644.1126542312645,604.4443523963862,522.4972015421356,457.90597402974504,498.3221626612965,440.5950713216615,333.31531732052974,320.82774320418173,372.1121362811509,334.0638990244418,373.44721600992204,362.3255119497535,363.33458666223345
2019-11-24T06:30:00.0,131.65440389156802,139.16466218547774,154.57534819897856,167.67475192373104,208.8823534892967,222.98531264135465,198.68385632065588,205.0769401872829,229.7946944951542,286.99870141078446,284.9462748515044,293.4383807521209,348.155097457299,350.9941405259997,454.1846364395863,465.22894465734305,509.71682621037127,665.9901464550827,626.9597202264355,678.3036779448389,741.7396517198497,729.5741161531349,735.1992433547476,840.8084630217065,887.8292715290645,830.2697034125335,843.2065304263483,904.1877950952608,710.7148849833778,790.3629630528056,707.9301669749503,735.0421189975327,683.1071098379557,683.0223359467955,612.1056805288425,533.0312277390831,636.804055754541,586.687256229145,514.6522062048725,451.56615714522013,446.1580270618957,522.157821786712,412.1652972644796,368.5044624727898,224.15523312035094,279.58849999157826,418.2251401554248,326.5242087148905,393.37714467444505,456.42946188278984,401.1664434128045
2019-11-24T07:00:00.0,116.42282414765282,126.03839121529641,143.3447208751548,145.9586621398945,153.26661880645895,198.10184783922,223.45926037045496,177.29778689399006,215.57480887524562,225.53610401877398,236.1927819240782,332.1159823231077,342.3119347159967,368.6546532842982,302.56878176571746,453.65550745915414,449.39433260028477,559.3542695334675,689.0449506272627,695.6636491366664,671.4471445150843,681.228093968086,719.9629711229338,929.6162871754052,789.7144387408819,897.3661826784937,694.2394532001671,836.1922383626628,812.2485138013362,765.0086449664974,701.4849638776017,720.972910421174,714.2642261070671,670.3628915473839,528.3021264304748,466.45603960344533,507.46477674284904,425.3958927098965,495.2722314702547,468.4968038124716,373.1258005708403,417.7423275350933,407.927260266375,377.291184016688,436.4864739090234,458.7387218313472,440.5944929355855,449.30934638080015,384.03704273356203,411.634976769697,470.0741418765249
2019-11-24T07:30:00.0,95.79242174058973,130.559615719518,109.15604186643733,162.28987286664858,150.07591094943396,175.39732308464693,213.96539417559794,207.60190811049523,253.80785030491177,268.36213771665746,278.71005017651703,302.60272235410866,360.7103005271123,350.25031330033465,386.1899080004547,394.8551408942268,492.17093119756714,532.4974834129974,645.128928559026,628.9904102489643,694.5649679603011,720.8734513263051,704.6751086605393,667.8607608073681,726.3461031528744,732.6746171752843,639.812355846719,652.9172896701139,718.7834888676739,582.8176167425547,664.6354416021517,618.5486430679703,572.7711185392848,461.19377945963294,562.4309717063212,443.2641322497967,369.14542827829405,446.82076003501095,442.3663797036586,482.49761496434405,478.05121580789995,472.58546992733955,496.4554090749685,501.55789833802487,507.4998272761975,426.51768671710806,491.35594423407133,477.9939794359303,535.4082769998406,496.7305094629486,616.1417299385795
2019-11-24T08:00:00.0,95.5662461171177,111.68743802871431,110.86685629669921,122.72641007828513,129.9286058092536,162.25945697482837,180.2363977138657,206.08599115951745,228.2462652380817,265.58421888184824,224.96416949489347,297.88544327772377,311.30008707454385,369.355053541673,402.24813468892376,432.84287875982824,562.802336669866,522.4709252114067,631.0325151425928,553.5107450373682,653.235231503262,665.7938727799805,737.1694218729915,730.7166934528925,658.6299141663382,610.3214336094208,693.7293759889417,620.887952869205,729.3129539219934,669.6145154571648,629.1330916087429,608.239870797761,643.0411388025017,570.4035088501564,541.4836157504905,513.1969573152957,452.60641134353426,395.47599219571276,458.13464719779796,480.07716987045274,426.03946914193403,479.48112599458307,510.0887406684589,490.368676618579,429.89464667523606,514.4150816104504,424.4696194898486,571.7361419979767,516.5426642225385,636.286226828461,642.9771756831468
2019-11-24T08:30:00.0,69.09259613950637,100.75252019408524,67.506627214145,89.90548772998679,126.4392262202054,145.13050196730384,135.8119545157727,120.24263396999834,176.38323656531915,225.15498823019095,232.56131563489035,297.2828660159714,290.12959030916556,299.0086709616104,348.24494776877873,368.5535497670747,378.0136271041371,416.04289264068206,427.31052604437934,469.245940475242,510.2797907259877,520.035985498755,520.7022393237812,474.322476652942,519.2267558503119,542.2963455845552,488.3074999537506,413.0869161898114,437.87273095254216,504.6621456941011,445.74418823698977,469.4380386980348,540.9855119048289,427.329406887619,418.09789652791676,411.32172255536665,448.03077672147606,440.98702865644196,438.40441696248695,455.2747723386621,443.12748462217604,345.3421488428891,388.4943430110949,478.0473294490121,497.2685753710325,433.15589453387565,424.431578046984,452.9357093946973,477.7012994834106,661.8464911301862,663.3136813463923
2019-11-24T09:00:00.0,53.11009869998951,61.722303809038195,48.07346392044501,77.45704370082393,71.5475344356515,111.33139761301408,98.53840922550535,90.59595881192426,132.71289144920934,160.05549985129895,147.93537678858638,137.3692891360442,222.32560941563102,258.48424722785,303.7845747808781,271.62034585699007,310.8514337918963,289.72372110930144,309.0234098938462,348.6036294968856,413.95406861882236,329.8687311166607,389.436795316955,374.584045124039,346.31352339211287,370.9605034614302,490.08531478171153,362.27922750966104,437.32962255083555,355.3406745034397,334.87046180813667,295.481520812044,352.2122806615106,329.04393959683046,451.71459348180724,384.1797381161857,319.4753745876077,368.1288205747861,372.80948796102416,345.56601891425134,377.78672021499744,402.583693402963,470.1031201762602,483.7182361633937,406.1249659232742,432.6877187630438,500.1152723175976,554.8147561217733,557.6093538520187,729.5634213049882,705.6498832420251
2019-11-24T09:30:00.0,13.555753624167751,12.789487639806344,43.36925965104223,24.50469710424587,28.663730481368304,72.09729930607111,74.35970800689643,23.460477375209457,56.2054499211852,156.41792000920515,151.20039792359228,92.04985523605387,151.07822854261872,185.11284281660022,261.63985163281257,119.34695247482902,184.74091083050354,293.7086075440625,246.51289388856668,286.4308243578243,274.78426550411655,305.0644817757007,390.31359717142055,160.47526212638442,295.2703904978209,350.2707807560753,350.18212466346165,169.40458718512767,266.40672900771443,323.44443528445436,212.99061850467098,182.55621564760824,158.9793874424865,370.72281108808903,341.72277443134266,370.6585068910781,180.18416729842954,369.17295485185724,403.038566486997,406.7167823561217,407.84372104096343,426.7127881633576,457.70734439987496,557.4464165698208,578.9547642474707,734.0517612060938,716.4652032198798,814.51896825079,951.8331359837005,870.088125840489,1071.0732328935646
2019-11-24T10:00:00.0,0.0,20.044143963033672,0.0,8.037276025263534,0.0,17.00811049017905,25.2008574109256,24.049521609445343,0.0,24.713517385343543,50.078159860318955,90.03209112187041,0.0,61.59217103383532,0.0,111.77720436698186,161.8618058204238,101.35185650914373,8.445554152382751,148.11212068294532,195.2885807631767,216.28008024694043,36.78873189263136,174.41967898304148,230.3586211568898,210.98056764836696,208.4590716917267,126.65831851834899,110.34846257456518,303.6694185997555,143.13520145978833,123.13617465875899,261.8692383459443,267.5377758683831,297.94605202202274,238.05051384704745,189.5883299972853,301.98049216514676,361.33596081260214,333.54674377342656,433.9646511926205,276.39397197841856,565.8661591604359,761.1719727202619,786.7198579773674,781.1389969849695,776.12985432699,1137.62988372897,1590.4763317086163,1534.020638850296,1497.0592174209828
2019-11-24T10:30:00.0,6.383687167033663,21.852259793027738,34.619656269281506,21.308149740519763,21.35085387593081,12.616730116795772,53.9127058504346,19.29495746663554,64.26030999308597,46.09135109460169,114.6286116200618,90.98835069499285,72.88971335456228,94.53677068217031,95.6473306962358,164.75520202868964,169.3149088967672,87.13946616426222,180.58934175276866,89.90096629357839,136.0477811801704,90.48440069667825,190.76815228846226,186.4473690464133,139.0936714962773,172.6564245738092,7.022087448691916,228.81089226339054,245.69157108523888,212.70764211274636,145.1133735845865,207.36650568088436,211.5637648101058,272.94170222535513,194.35614941759846,314.2640439599721,319.1639721042934,303.6654958402594,293.9422783236376,414.82897601003253,465.1137578567939,523.7970640433823,650.1917141991856,613.0172216727271,627.5712323288599,500.3488039146232,754.4475878049491,688.0150933436692,996.1160004589303,904.1236222728335,1014.5571510556117
2019-11-24T11:00:00.0,14.939545475550922,23.77192302256702,34.16207788453889,29.887545749929302,53.07213332149895,29.816628530105106,48.02758408511434,58.17824893379215,88.48308070787544,85.46207384894339,99.81648750766959,109.69303921128528,131.2664972178725,119.89082032483147,116.05097692610269,138.88173548964858,153.76719182055325,142.54847657300553,146.7881361328675,170.25855498678007,166.5817856219561,168.2276391971006,170.78770929274705,173.22305365502314,161.21228430356229,151.44130294355608,156.18443093175094,217.08016043021144,201.1457298194686,204.87460293766878,230.081150734716,277.72763447184707,206.0564854212124,214.71970735516518,197.68300306754108,292.3381503319635,235.59398502875382,253.65565570918756,264.92505997903453,306.68918508259935,356.3725420377164,308.7359633615639,388.92785240514445,417.6018946358341,357.2658330048747,354.70061761653045,414.92273208904663,496.09007027979817,490.5862374938997,561.585378768762,523.0861998685328
2019-11-24T11:30:00.0,18.889742661742034,15.801170213315071,21.094872774348605,13.77810674366505,39.670358037863124,37.636326833498536,66.84327130392641,75.618565647023,50.7216849938184,43.886283344038006,90.44822648874324,99.94594830280805,83.07101446095223,76.5799097840928,95.26466008792873,123.90209942097286,138.5284809706879,173.68867906099413,144.91841405150262,69.93442625106485,85.68437961469934,144.8278495718572,91.20485217597076,69.74900782729263,169.23899809393887,158.92343977580768,211.97808390577782,60.821203020314066,171.91862079807711,215.41582278587856,226.53057245856556,245.35745759934,45.6134032873177,196.91572951737623,225.20716960533582,323.23009825915665,212.16631170360372,255.12695914693882,273.2150530233922,257.01519767122636,314.21168171807363,157.61476095119266,303.1916532461409,411.0837768254822,405.79530283195083,335.3714842777992,446.1824881473615,496.462853704072,534.9386941567175,603.8417090949758,635.1642983170675
2019-11-24T12:00:00.0,0.0,0.0,53.5435906509112,0.0,0.0,0.0,4.372728285074329,26.99203341080336,0.0,3.6081452905853206,105.61307320511578,8.54047773374899,18.11898432636172,24.280289730367603,40.002873475380994,0.0,91.32872891933914,20.994065821560078,130.4167576118201,0.0,0.0,110.36072631376743,0.0,0.0,42.571833092309056,65.57391612014345,106.26397779273086,0.0,98.9890056545859,179.62811013872002,88.04094507884962,76.31751270318618,93.4720089752613,87.76372878032316,191.29917366203762,249.13564118322589,448.4544181659655,261.9516137645055,303.16991358618634,261.72255495930216,500.2062584085751,650.5724854852725,137.3923627693565,304.84491067522254,682.6827942521207,759.9689071872172,586.6093272673785,917.600424524408,1032.162726360269,1348.5667355262967,1660.3107100524303
2019-11-24T12:30:00.0,22.435390896970446,0.0,2.997590700460315,0.0,0.0,0.0,63.03555354634143,0.0,27.831598693124672,0.0,0.0,0.0,15.9412786453841,35.25853085750763,36.66569908757806,30.39153879096329,43.549344962871714,56.10289646590859,57.26647608271119,0.0,78.32718948273428,52.922926463198515,0.0,176.78729591068554,0.0,52.51020206556331,87.95931736262744,71.72906760116942,20.078323177916065,49.1406308558667,177.87169662802341,43.32160646372285,139.79244442805512,182.4864885418774,137.1693434146375,262.0248762970578,232.92915301140843,317.61746454608067,181.37016774912496,433.67066594186326,326.61757431838987,496.2856968959334,676.7603747946375,531.2544996422363,1111.1691852374515,1118.3575892551335,1089.2745109625605,1591.1809912797098,2935.6523374880708,3818.3151291553113,4312.68110101932
2019-11-24T13:00:00.0,0.0,0.0,0.0,0.0,0.0,0.0,0.0,0.0,1.8308995360653608,18.530173100715782,0.0,0.0,67.93586371422984,15.976860547200552,0.0,0.0,0.0,0.0,0.0,44.22654507027183,0.0,0.0,31.752324588421803,38.70197993228926,0.0,0.0,0.0,18.652413676296632,0.0,0.0,0.0,204.72477981228852,0.0,154.6923937702892,0.0,230.8674466055636,114.26813032265416,0.0,745.5945567277481,272.139802540401,673.999033360243,500.9465649904189,1116.3656953466773,0.0,1044.0153763262579,2727.14352548599,3071.3761803194648,2264.3101938506975,3587.0767262880645,8285.07144965819,9595.188208767633
2019-11-24T13:30:00.0,0.0,0.0,0.0,0.0,0.0,14.731411448171118,0.0,22.763840904086063,1.4950979673678524,0.0,51.199615471606656,42.02682241954556,30.223969406828726,0.0,6.377503518060864,0.0,0.0,122.96650005348475,0.0,0.0,0.0,0.0,49.44758420993732,0.0,0.0,32.04112887261381,65.32375219286037,72.7853658183917,0.0,127.10309175777812,75.7127705394882,43.66107486331703,139.47703514755946,0.0,171.18769987785552,89.44336312696207,158.55667389476181,74.61410745554443,753.0531363285256,39.688862607161276,275.5408860896398,662.8210508464408,1859.4371122528141,924.292641644991,1910.7442569022762,5289.628945525068,5012.912859435799,4495.372537116849,5044.033724730901,13277.291223001463,12155.480103029298
2019-11-24T14:00:00.0,0.0,8.940745937396775,0.0,0.0,19.858845299758364,0.0,11.705709453790593,0.0,82.63877206041063,0.0,5.080466970798059,0.0,0.0,0.0,10.15744804182331,118.49666285977615,12.533177376571171,0.0,86.99029722298657,27.458586896712404,36.134200950705036,0.0,0.0,71.17926024162718,0.0,0.0,101.66633097582842,0.0,69.17554780387039,0.0,104.51658795505422,40.61522401977826,67.57718002717458,42.12704611034189,107.4347908947995,431.06705900960213,199.74097133488794,208.06708848801085,821.3760154714702,177.50754731415518,1162.9072643647346,1573.1188523687883,1926.869084848747,1652.5526340924694,3386.372360039456,4138.735999458113,5215.980236279223,4380.889839919226,7166.446982136775,12517.962884157443,12677.730547548741
2019-11-24T14:30:00.0,0.0,0.0,0.0,22.494503823153085,0.0,0.0,11.470003015943707,0.0,0.0,27.54544014105265,0.0,124.38704553328336,0.0,0.0,32.81269410126646,0.0,47.60343342915902,24.00770022596854,26.844655816681776,79.54520534062948,0.0,69.6974290450914,0.0,127.7710484596523,74.76299152266407,81.14864157839916,122.8101656752163,20.86520134049418,161.9425602524012,38.21572522503101,114.05585969445936,270.3782086293735,328.5488762338496,37.81842270593404,371.26518113563975,513.3273102170343,199.47080560696892,17.909820211950446,1106.9025420944727,743.8137670110605,955.7961481791008,1521.5294892133152,2157.730464509479,2408.107543063567,4610.615481260277,5806.102378310547,5631.988591339366,5460.542987631512,8076.6371442769905,13791.522596103816,14005.450070237965
2019-11-24T15:00:00.0,0.0,52.33675249452274,7.4401485569534795,36.02997354565092,0.0,2.076976482605703,85.59709761065591,0.0,28.62765138123671,0.0,41.08768165700666,68.96519759605317,9.811698827008366,16.364700345248135,92.90460088013685,153.21344874047057,25.244779191502055,63.885824692092314,96.45928372154995,62.72971365836648,15.257523239859438,16.52792471710038,80.86857370281369,208.88385619141806,67.21029672412884,0.0,75.57440196481231,219.83176220693946,74.47960397429803,114.66904578825716,103.84283481906937,166.70712735449445,431.44365286396936,413.14537970759375,251.80072770682875,287.49826334706904,543.5518930267006,830.3829924987583,926.1555841078391,1083.556042541836,1063.8803471473552,1775.1278074617758,1955.272619055202,2326.2759147301604,3478.3900313200047,4382.221735145258,5731.489211640561,6402.560905097161,9274.67261606002,10902.44197848886,11773.838675852166
2019-11-24T15:30:00.0,0.0,2.628702548143545,7.735109866459398,0.0,17.72818153649916,0.0,15.560572813511548,0.0,25.65188649392705,0.0,0.0,71.1718993109635,0.0,15.919230809160105,0.0,69.80078955533665,144.63845288697635,0.0,98.5041321192974,0.0,62.85294511781218,0.0,73.47426529754509,0.0,20.22866053507387,19.253437630861658,182.02845321919563,28.96212677567949,123.44279656175266,219.71286484390703,74.35236937240059,110.80956417448185,97.41643775586522,464.11328368840753,377.92090324052174,262.2981843759012,582.2290826211465,867.1046423351362,1282.4323655997628,440.679648341457,1313.8406412392267,1607.7930264971892,2243.7480978529097,2208.632634890352,3588.63805475553,4200.188738066598,4833.689804033647,5682.618222755875,6588.834549147055,8935.539185992086,10009.534750254807
2019-11-24T16:00:00.0,37.17603761975114,0.0,0.0,0.0,0.0,0.0,62.65132653462046,0.0,0.0,144.6453124529813,0.0,0.0,0.0,7.758843638099624,0.0,41.77812158383959,0.0,207.07904508648852,266.8303195286183,0.0,2.9319797540745665,41.91572973242147,118.41053777790022,82.55332948146346,63.86333078217704,42.18181772326459,40.21281691049783,67.63427861198278,442.7084948090175,6.476640771777668,305.96853940752464,202.85744243103377,274.94069403387874,321.4703735833565,378.37396063157036,279.8367464836706,260.4916976743865,972.7443740459672,873.4061600997358,717.6006442260477,562.4751231462147,2034.9870855279216,2360.1751632083474,1504.1973069800574,1596.0619002175558,4936.20634239989,5764.523523955855,3868.8444468535245,4835.488251739705,12121.955143347619,12376.257479646882
2019-11-24T16:30:00.0,0.0,11.053179316677156,45.55534367917848,0.49917966434117333,0.0,78.03479094835897,0.0,93.75112827666794,0.0,0.0,64.25804654250788,6.092610637188079,27.903047015928983,0.0,0.0,0.0,27.287209770979473,25.786724068883416,97.07852254583976,0.0,61.557250208680614,0.0,7.122582359941668,87.26335408155589,160.62614125335594,26.057015505435984,190.34746145278925,287.26082443342085,232.50278053865344,167.28059740934353,204.2148898223655,328.63066700616776,244.10344517563115,483.6275613165652,594.873316119208,473.3930565224837,838.7425647156006,730.2817230344642,1070.8318973440214,748.8822543319079,1054.1278000625368,1113.1985862341955,2292.752683899782,2133.8956785978817,1793.1885363766241,4084.5100992754374,4373.89571501852,3913.2633689588156,5895.776807189689,9278.381669907625,9676.544150702379
2019-11-24T17:00:00.0,0.0,131.04936619526944,0.0,0.0,21.83784581332037,69.91852396186871,154.6639037045369,86.60458199007363,39.69807376673381,34.91209659217649,162.48258898840766,64.90341533614816,0.0,71.07102790561305,166.43329913871628,151.3047659345896,32.27297630563277,202.03587658672402,243.43874869876376,7.580594667747589,173.9163478223181,158.33784741131112,306.8410138606006,56.51669636609259,267.8515638246847,195.13577194644512,124.3348437658607,140.50039806833746,300.31075230908107,493.8965985232586,278.4384550360195,118.54636610434896,527.6652854576903,834.3611814687827,243.73355409276408,553.4847503539295,893.3180366194058,1018.1549135179937,587.4088107394746,1301.5580550799555,1262.2624857672467,1727.775426458222,1846.3351127269557,1962.1581729811192,2358.6552305985065,3405.1920353635032,4054.3223814748826,2974.4017226658525,4505.817008179651,8275.12882288609,8360.562371185402
2019-11-24T17:30:00.0,44.93300040697815,70.76671712901327,0.0,21.37459391307211,90.30033658716356,0.0,25.24547004501143,4.776965726422102,9.513647253514842,59.7993942565861,113.981811733137,104.46222747370344,17.712913330961612,342.95541857754813,0.0,0.0,174.58849331545957,59.277751017791715,0.0,208.27035017047638,47.42773210997891,88.52137008078594,224.78563345184682,455.5497617973125,61.20594465883789,361.18523858191486,422.6092094418552,460.1306518390689,614.1928856613285,468.4454838413316,516.5516532993291,395.42830838886726,620.6557266430846,758.5262886058973,801.7784378242836,602.0688870390095,1330.7799854372006,1164.9998467279245,1715.484300629224,1549.6049007238253,1840.7528533848867,2576.0041605067754,2105.355394612454,2412.36317871116,3766.720938455538,4993.887249901622,3868.453511307103,3456.91581680594,6417.830143090321,9843.49152314377,9937.652889742256
2019-11-24T18:00:00.0,0.0,2.9197812213562493,0.0,138.82418475003323,0.0,266.68271286179436,13.186124858543538,8.873532211487523,152.10960997669648,17.811351844336222,43.41460807071094,26.19918586471387,235.47261433343357,136.2683109086247,169.15840334760858,0.0,417.147502852835,333.97580879090737,393.3946821567658,265.20261265475426,713.9924237538855,320.691394562879,326.3202984870092,283.2649009614745,222.64831249897526,742.2664044211424,461.1437544352154,1142.7883905862402,722.606256788978,1286.0851719169787,1455.460796647004,1179.0827938057323,1055.331278882565,1443.1175819820137,1368.4278178487775,1462.35689030071,2332.054290882975,2194.9770033085133,3191.4056655963245,2148.532701699588,3774.247543571143,4411.51698004101,4555.709824733242,4423.198178199308,5455.122928826031,7516.102862204678,8411.325610408756,8206.48003918045,9489.179319363062,13824.33687980866,14118.949582301972
2019-11-24T18:30:00.0,45.238532271337974,94.10461399394268,50.827740156633446,72.41507509424956,8.01118605900751,309.6416588195469,0.0,285.74225530343637,26.38983293963953,515.2685975169468,0.0,296.8827992509479,249.4554703570136,333.78341405171955,147.53053534310396,321.09771945773787,583.140895308547,593.6017911969575,180.20041149548646,705.6830653547523,707.3453732248025,547.281986728443,174.51881033847613,743.1625054887617,1120.6644543100456,1048.2051406325666,560.4166020639548,1362.6965543143883,1454.3465152413728,1600.0279041317767,1039.6841367007623,1919.5775820098295,2057.7542480570496,1864.7908403391918,2180.8704272383898,3041.5721579724704,3370.680493753628,3895.8989215154315,4184.251864540012,5337.418799708981,5861.530750892869,7168.601505320059,6552.399564750235,8763.389856863638,11435.581073160716,12492.493268936463,11052.994169999245,9715.78333701805,13110.187654007692,20010.70465506987,18236.33855958822
2019-11-24T19:00:00.0,208.66676578008577,99.85284424523108,280.1843237409029,0.0,16.7894970377562,144.00846059147702,275.38872218552876,5.5750749073077,362.07822176396223,177.81217850807414,476.9031376918033,316.4136188177654,516.3781201634596,171.22658448041193,1067.2522099891044,399.74607779688074,348.9848652362905,752.6856668562971,339.1210071628177,958.9380448034972,1646.140194350011,1459.7481786666972,264.43105698906624,1506.5229756188805,1999.647772305469,423.1521344930339,1988.9917955062274,1511.4449684224126,1350.5138393406355,2398.5981181680377,1522.7254303829188,1723.2276772840055,1438.937880506604,3832.3443209434663,2456.063043649304,3725.6203920983708,2809.729023648484,5011.455112137835,6674.301376829745,5528.981503949393,5835.146214214461,7731.666416117727,8966.958321191858,7890.332890876971,9676.778828519,14378.082006451968,13279.570105544053,10652.756697406545,10195.92346621562,17363.554747533482,16879.465691841317
2019-11-24T19:30:00.0,61.76999055523861,328.44540313895465,195.30773862587114,175.45279174770803,279.8662820510565,4.053589932686029,402.2681638873919,439.16074207324027,218.00886841003248,52.89734314787201,332.47140798230754,17.020351021075154,616.2701608851953,732.0925630211304,848.9960729287952,430.0855770174524,1273.2091086674222,1455.45288536014,1006.325274914528,1534.802211128946,1788.2870758969025,1500.9648495715908,1458.1883710455702,2232.191938958844,1888.6679486287367,1690.1357855129218,2617.945995669961,1978.4577581592343,2862.7424110508687,2382.5688342908006,3694.3449474644235,2990.3594178932144,3844.326667840255,4555.316133749794,2777.997999737039,4662.522122921571,4476.251215515936,5444.1183879794735,6894.273580946949,7626.1990917917465,9227.628697926659,9865.598723382922,10190.216611749416,8733.270270078912,12789.31833494154,13191.495594989217,11212.197731408973,8737.1037957141,12047.335448592768,15416.777813982255,14088.388721680038
2019-11-24T20:00:00.0,370.6756479592582,367.95403196352817,606.2085257454285,441.70241316627056,591.1359359938232,634.1724931020957,675.4049400662069,604.89455570636,869.7033755245386,909.2445013722469,943.6688197549436,1359.8752241173447,1272.4335836288542,1252.9933780338336,1219.7275727466204,1550.5264005553704,2003.5968475181915,1947.9796938068605,1475.928215404242,2424.3969014007203,2159.098443016045,2877.8975837332514,2698.176761377584,3139.261445795507,2968.480269958007,3600.925524105534,3906.597745549096,4172.067615769702,4431.233605754794,4987.720064630558,5237.01002838431,5567.088107304021,6120.13791753445,6911.411189588687,8012.954671707219,9073.32031984499,9493.43040271884,10562.4741955625,11479.877100627227,12265.26192071662,12284.363774477713,14312.804212370578,14873.96597864702,15788.43687524096,15754.532020340219,14371.2132132309,13711.70850054788,15196.024885721312,17071.013530285363,17599.97253536517,17035.22951760677
2019-11-24T20:30:00.0,90.1937999149962,342.9572898138743,331.9206894461073,464.08620990543847,348.5538089834677,628.0622959828573,652.0104757307772,444.2904996331431,867.0036623382532,785.5565977753377,983.1284552846928,1331.9521734748082,1227.721099297091,1418.2750138509816,1555.3247598337657,1729.86938853114,1761.973502836047,2009.5664570718168,2053.549321108013,2263.744912686252,2664.4999532147976,2687.0982586106265,3028.063143010745,3372.0006468892616,3097.216922841233,3393.028180805612,3915.691348164517,4170.598031269017,3267.824459132676,4960.957474817279,4334.677995519037,5868.616848303074,5447.956051066383,5872.029922340735,6557.998029432875,6854.651210889449,8052.1637236994975,7209.126089353063,9179.660524455328,9088.24768575544,10665.158235582026,10830.967570337622,11111.122325421908,11075.228492523418,11390.995162893647,11070.39690110517,10017.745813442201,9448.073417946904,13124.977628536115,15643.53647274413,14530.466183336433
2019-11-24T21:00:00.0,577.083548959235,505.2164654158169,754.9714774453387,760.0682270523157,877.6923804230928,684.9677796204605,1038.6642496730842,1192.6281790960988,1195.7971890736808,1283.1600572917405,1422.5548014653332,1736.7814954348337,1665.6191494552818,2090.872963269457,2097.228217394027,2092.074859310608,2297.024194420503,2596.7862165613606,3005.547044198933,3253.985107433119,2857.354700312757,3351.668349448737,3650.585832466171,4575.638100873422,3663.8779611110554,5116.153694277375,4839.2328826659195,6089.18284069366,5200.245330525513,5766.350389655763,7440.163138594331,6805.917692350944,7862.30487323021,8729.349487174248,9583.393192990316,8969.50996611501,9562.712313660231,11220.792314761493,12659.63779774871,12660.694774479156,11774.358952105693,14908.113259170517,15150.423575037781,14478.210476271553,14067.402861516013,14044.3959540336,14319.253306813676,16037.634952295153,17384.87987766498,17703.92797720377,16244.619299412481
2019-11-24T21:30:00.0,645.0198297595878,742.2917760119101,846.6526970116195,811.4439404739446,944.1261406319529,1093.5877811366781,1150.5659753752152,1269.0349648755955,1270.1899396215226,1612.8489932698903,1636.3336322962082,2077.7622672285324,1686.7509231992667,2105.6085572406964,2558.8852896630724,2769.8680572626117,3098.8281273546354,3325.2086482541517,3634.4276461160443,4132.875585843249,3952.358070956731,4420.273834451878,4807.207788980819,5436.317037075596,5271.980778541975,5445.390157050383,6789.1647860606445,7341.00760542399,7784.985540705673,7838.777699201111,9151.724910987574,9657.032451171832,11505.553023699338,12041.159396018747,12762.610842108876,13200.927894989825,14238.17832079138,15147.454970100078,16157.111301622048,15882.911397179705,16231.14973839707,16555.32091018709,16350.386346958954,16993.74391400511,16125.302342884193,15341.001996061997,14467.044419504808,14174.886108743409,14901.305154560092,15716.921382335047,15038.954659103278
2019-11-24T22:00:00.0,469.3724411980133,614.1809464635886,610.1701844421056,724.5665317796287,835.2390459997534,800.879508452258,993.6842501043404,1065.003495651497,1132.589770512708,1288.348426483566,1442.3855916722966,1516.5067800462948,1855.837309186562,2063.7437654819587,2203.153385897716,2363.3118072440366,2795.85149046268,2943.982114254085,3318.71723798961,3700.3815043236596,4326.612050579285,4131.047501628259,4375.948302096229,4899.118298875512,5619.037457329096,6066.944837297299,5946.878348182585,6649.66815014496,6855.526567957362,8083.839003698001,8747.90606523372,9120.97224223874,9709.131718063509,10668.933381524143,11482.001764278712,13127.181286123523,13458.035501788618,13530.119372797726,14295.581453358962,14565.256388553955,15108.918168360453,14787.270255194107,15213.568427567716,14981.136431374374,13833.5953478139,13643.259414474645,13781.782785633033,13009.58032564834,14275.534949120656,15035.933383632282,14091.94705480059
2019-11-24T22:30:00.0,848.5033046784229,780.1895197427217,972.6570756436998,921.3131193876703,1121.7049485550579,1195.7004223792696,1360.7019661594768,1375.7930097122428,1597.1846809107883,1944.0390600527453,2168.6124891510467,2600.3276872934266,2516.0920047793816,2916.7746789926,3192.3619115866018,3398.220414661376,3744.5566947358493,4524.1190847113,5022.232749840732,5294.854960384113,5380.936356396586,5983.893230736301,6659.241049199121,7173.675397323441,7727.015250308944,8305.357962567112,8666.79126607075,10094.843743004736,10618.858052269474,11603.730623852012,11832.807855745896,13003.003824025138,13332.526826840727,13383.81996117738,14382.112778889914,15704.487996597887,16159.885834294539,15661.51466862492,15693.388331979131,16138.095025917846,16784.829378460337,15742.944778581532,14849.088770007253,15382.984907698024,14629.458015740864,14085.077765006481,12420.34117448088,13010.753758748462,13215.678818389046,14063.386273580898,13849.739639440602
2019-11-24T23:00:00.0,545.9172892256431,581.6641380061001,584.4533773435219,632.6639014942266,775.3248852753613,859.7269866217587,804.7520256066844,923.3456267840509,1214.1243073884325,1356.4959824780328,1547.0045338032965,1594.512861475485,1684.9193897136927,2005.5733054470638,2315.5435782447953,2311.887593554572,2256.5153397974,2860.072516792142,3314.1107130984537,3724.950270962189,3747.3520907730017,4283.223340954003,4562.890045744341,4663.551068219105,5351.576757168723,5272.680148766544,5804.882945183117,6376.573816617742,7470.026873646468,7995.412009228752,8985.372529957436,9484.400726799795,9400.127532952421,10109.07321721121,11083.518100356949,11908.978306707231,11893.787707279484,11406.54335839723,11286.731938993147,11041.518950604815,11513.41556760974,10964.805802604105,10759.425711179756,9764.026269641408,9866.27248188322,10039.273993269682,9133.381766461454,9523.906423763918,10415.84402022446,10605.762626672938,10030.39534830991
2019-11-24T23:30:00.0,555.2087707607938,540.7565222800188,589.3467181487099,686.9575815715284,767.981003502654,732.4238763801632,904.2477927896359,1072.8751515659371,1182.1642608264415,1157.3231156055738,1334.4722613708213,1406.0620708078652,1750.0898101483585,1533.3046106882184,1803.0754166849285,2146.209490125497,2229.7793229997205,2412.434166671306,2906.918687387282,3005.5071797953406,3322.092780984709,3235.033283313121,3453.003829149348,3597.543905402662,3865.091014115767,4002.182813728605,4434.190915922536,5522.622011323917,5569.769065966103,6443.801186665781,6288.899800744231,7342.837328550541,7553.620801410007,8453.213283135497,8891.898870713605,9179.665019444461,10208.966567869184,10866.07298644425,11251.054884182797,9969.553632133671,10569.629925674912,10271.042873895949,9998.993135637455,9591.535570993812,9621.82159426725,8244.80935987074,8503.84821812543,8836.792070910658,9522.158059373407,9818.708842016375,8759.347802124561
2019-11-25T00:00:00.0,253.22277253947502,463.54994386010816,426.6754424459792,471.6994181670856,573.5998251909878,511.6620934214936,641.4867650273388,860.2256445430733,880.0927900666129,1027.4973537780797,840.4939768831996,558.3499501890899,593.3430645599136,1281.1657542192338,1225.8617670290455,1328.7460100039098,1422.3260687532356,1702.169528841679,1713.721877091114,1761.9997905259847,1949.7745534478506,2257.909150662373,2488.265069763658,2810.287942176639,3032.383306635904,3550.1436095703166,3653.6377024553826,4159.747235740502,4639.333739957901,5032.463425217764,5653.696871698088,6427.359321589992,7079.968073855673,7415.849256598804,8079.94784635259,8561.901448339915,8348.549484240475,8614.601431287914,9593.635312331317,9412.023243903408,9272.224833764933,9245.581354945287,9430.680216341872,8708.697104783794,8425.198808788033,8388.953295967573,7491.519014022684,7283.3326132791335,7737.972098400435,7828.271963382058,6600.460261285607
2019-11-25T00:30:00.0,311.17923052301546,266.74109561943925,302.102900348656,347.39684956262175,438.7986356882943,396.36722991487864,397.4466631167826,363.25148544152967,486.4555513911723,502.4158825144108,602.9462832553475,639.5420814986132,682.186471034677,739.4223226669947,939.1457805630596,843.2214064143175,897.7269423570006,1187.4063503933096,1111.6200737547515,1263.739646132828,1390.3417544314564,1526.261859808972,1588.9983477021742,1741.1199948106823,2362.901626687792,2687.7989511826754,2854.432528878283,2771.1211282114155,3503.3723306221864,3603.076775044733,4070.5619201538257,4839.127010025825,4563.319824311603,5040.021182973331,5482.738640201216,5658.878944967764,5709.714917759107,5618.967420405459,5742.641548440755,6032.1290280492885,6522.311160214906,6286.773084170964,6054.989105079833,6183.061226518296,5992.69512802811,5785.611356003128,5334.314475608168,5778.530227567868,6360.233562923449,6258.1124814035375,6059.798072080626
